client_id,status
31984797,1
95623488,1
21248516,1
83228517,1
29053196,1
31044034,1
83217980,0
12611230,1
14246947,1
17698586,0
8471690,0
10696706,0
28557894,1
82585308,0
69465540,0
97938106,1
86467196,1
5528601,0
93149548,1
43045496,1
82819627,1
50345259,1
76279638,0
91853399,1
55106423,0
39656203,0
53602776,1
82817122,1
91391942,1
74878201,1
32897584,0
76566285,0
29536165,1
9915657,0
11122702,1
55712183,0
28274036,0
4618247,0
20083809,0
45956004,0
57299055,1
65154870,1
54007135,0
82955373,0
64121750,1
9442456,0
95607690,0
89488789,0
99034437,1
53198762,0
36305254,1
81234262,0
48962034,0
73380812,1
10159490,0
5522306,0
3904838,0
31346129,1
66755798,1
89653769,1
23124291,0
62668918,0
23436847,0
79206023,1
85056040,0
39351532,0
35768528,0
31822198,1
83561383,0
38961098,1
14248648,1
95475172,0
41144715,0
22970531,1
58361655,0
17703907,0
16152597,0
90510411,1
42024119,1
75345598,0
71755027,1
64017478,0
45934273,0
76655905,0
78093242,0
72470388,1
74708086,0
83490400,0
40831123,0
38371802,0
32508028,1
49292599,0
96830612,1
683284,1
56101679,1
23478097,1
59465550,0
77000135,1
52730916,1
33135912,0
13587967,1
72558587,1
6092042,1
10794338,0
66740873,0
38912164,0
17275036,1
32642404,0
58812686,0
80278552,0
70277633,1
50677956,0
30393563,1
52541686,0
4208081,1
44312909,0
86605233,0
38155492,1
91962436,0
39942876,1
2394791,0
22061791,1
76547967,1
26604313,1
1093304,0
31009144,0
27716148,0
70227980,0
18321497,0
95213230,0
30840108,1
20249071,0
23204999,0
99352981,1
76873019,1
97246642,1
20679518,1
36502881,1
18073912,0
73448532,0
23088012,0
7519952,0
86509530,1
66096689,0
69685927,0
47908242,1
80334049,0
72269954,1
91354706,0
53854864,0
676214,0
75915257,1
45406547,1
3449730,1
35633792,1
96651881,1
99315139,1
95873844,0
14382698,0
68025255,1
2400211,0
85815529,0
82461541,1
86126078,0
11039185,0
32301971,0
59990971,0
62693770,0
26689827,1
71471760,0
85686490,0
47279064,0
61024099,1
48770474,1
86556905,0
4651740,1
17208030,0
78593569,0
2861450,0
52503545,0
43531035,0
86075363,1
61714852,1
9605096,0
77942049,0
51349760,1
8333280,1
58933544,0
14939820,1
3393374,1
8411774,1
86759507,0
19938453,0
3874769,0
40250598,1
61009479,0
19811752,0
84199917,1
95828906,0
44567100,0
29607953,0
67818644,0
91977740,0
49495176,1
63720618,1
87945762,1
24479386,1
25935635,1
15652973,1
37399762,1
43732528,0
20480882,1
73164708,1
87670097,1
23937820,0
5202939,1
29353035,1
97000670,1
57582865,0
45249788,1
18568009,0
92692871,0
263605,0
48023957,1
61745236,1
13451353,0
59129528,0
5931846,1
43791164,0
6918821,0
52889445,1
22161142,1
14040287,0
52164822,1
37134646,1
85456043,0
82177385,1
64208339,0
85923483,0
37156682,1
83873734,0
74590997,1
2275529,0
68285639,1
83340880,1
33492988,1
39170539,1
25843453,1
18350404,0
62145393,1
61511533,1
35273632,0
81313537,0
45516707,0
2952449,0
80932478,0
39489228,0
78858518,0
59651963,1
46268500,0
73605230,0
55732447,1
37193871,1
94887386,1
96655243,0
24054274,1
19644719,0
77809947,1
77827914,0
53839754,0
66878421,1
78298740,0
35650432,0
10063530,0
60015661,0
52518753,0
36659899,1
66031113,1
87460303,0
60936749,0
78796877,1
80568382,1
23702730,0
62942921,0
31385,0
44335496,0
13637343,1
34489466,0
27445666,1
70261572,1
27039326,1
22082015,0
37648561,1
54933571,1
81972666,0
3219895,0
8682085,1
53591955,0
22355453,0
19110007,0
7941670,1
65477485,0
29788602,0
82346103,1
68308642,0
53589977,1
14143258,1
88587695,0
81771709,0
71874115,1
71865788,0
60751900,0
34206554,1
41408368,0
36689402,1
35824020,0
61980854,0
82777756,0
65393099,0
39863485,0
17188865,0
44487260,0
43726510,1
40198964,0
20953227,1
41436755,1
8459203,0
5478802,1
75685549,1
75393406,1
43574541,0
23160845,0
94750550,1
3729674,0
88006900,1
10930506,0
70921924,1
41559287,0
40302631,0
73924399,1
91408264,0
47756783,1
86680398,0
18889791,0
2873570,0
39225619,0
65952527,1
1336622,1
54120270,1
86297262,1
41690086,1
31119279,0
88098080,0
87691321,1
25252032,0
94803765,0
22972994,0
80698386,1
41795069,1
52653471,1
71627415,0
3719119,1
3928556,0
90634231,0
1386526,0
9554115,1
69919173,1
21250617,1
82535943,1
69980397,1
97939304,0
63842332,1
64878557,0
49281143,1
66221676,0
73868652,1
58227469,0
91974511,1
49367407,0
91476454,0
41962980,1
93559700,1
62297746,1
5310051,1
39093269,0
50107404,0
67334854,0
47299886,0
74207455,0
18072028,0
95390382,0
54982898,0
46617673,0
31611324,0
49648180,0
6740969,1
60428201,0
74823918,1
89001355,1
45421659,1
82268474,1
91235832,0
81099335,0
62715587,1
62337080,0
11107679,0
98488344,0
93358981,1
78773456,0
64418922,1
67665729,1
49193197,0
16342382,1
88062761,1
51610137,1
16419166,1
64845466,0
60922466,0
24505439,0
97912435,0
84323633,0
29593738,0
87047604,0
61240380,1
12652859,0
43227357,0
80795959,0
7175187,0
61236438,1
25132163,1
57850427,0
58825459,1
53742244,0
29967960,0
37800161,0
80383406,1
82497798,1
49117360,0
16617908,0
59624852,0
62318364,1
79124749,0
47629403,1
29833434,0
16405988,1
92659530,0
73205353,0
77317237,0
60234996,1
21078650,1
27890966,1
55115986,1
5985987,0
73653887,1
52920077,1
83489279,1
78153509,0
1810386,0
83724633,0
93860479,0
10078312,1
70380464,1
90553172,1
46581047,1
20691853,1
50921161,0
73978190,0
32842179,0
94104034,1
85931862,0
56025523,0
72956635,0
27006853,1
14219972,0
45152701,0
29889678,0
78210149,1
16977754,1
84086174,0
84219131,0
50914567,1
88608582,0
771111,0
47830665,1
33403953,0
38659969,1
89442192,1
56419413,1
95099518,0
11469033,1
11397041,0
78441633,0
31433889,0
31376915,0
8415834,0
39557023,0
50891156,1
26511631,0
5496106,0
26138847,0
56746360,1
91643970,1
52424807,0
11376556,0
76606773,0
30654137,0
92244512,1
14231524,0
75829708,1
93014616,0
47474125,0
30976504,1
52541358,0
38689095,0
62879520,0
95389071,0
35540196,0
15803958,0
92259194,0
74523192,0
60133208,0
70838258,0
37837806,1
6079821,0
15282992,0
42450881,1
10702887,1
91237635,0
58587337,0
3754006,0
69782822,0
94585085,0
82669739,0
44900801,0
29190649,0
36607877,0
62832400,1
79028770,1
56213640,0
74775707,0
55038839,1
91485618,1
17178672,0
71349808,0
37327059,1
20958532,0
37525073,1
60711627,1
77925382,0
27270006,0
19525358,1
86304957,1
64647853,0
36576755,0
18780719,0
26495360,1
53270690,1
56315843,1
35118501,0
55762156,0
30762465,0
33732775,0
41072402,0
75199858,1
18074104,1
71485222,0
61009373,0
22407584,0
77530316,1
7902956,1
4132055,0
67080684,0
99643686,0
15384947,0
8738158,1
91453656,1
21264678,0
72299597,0
4314113,1
12307571,0
61981162,0
47607230,0
21359349,0
59569869,0
68353108,1
50817066,0
87902560,1
13440692,1
61077537,1
94885774,0
65488357,0
57595813,1
15847149,0
68428886,1
62052075,0
61455368,0
36117188,0
24419000,0
7361878,1
32374506,1
36092225,1
13552331,1
57831174,0
90691671,1
87108538,0
50546311,1
29513554,1
36768582,0
18979312,1
39510774,1
57749040,1
94308769,1
40492336,0
28396233,0
51722802,1
85195014,0
85365990,1
41756011,1
28902452,0
87507449,1
69907295,0
41326260,0
52219061,1
35434608,0
25113046,1
96015043,0
50793398,0
12070296,1
91935267,1
52884677,0
99418967,1
14123690,0
11089937,0
51487162,0
9962760,0
87542711,0
99452850,0
45488741,1
81863717,1
42799624,1
17096973,0
71704226,1
67715187,0
6781439,1
27046864,1
96275300,0
1579633,0
27621094,0
74904159,0
98430195,0
95452501,1
29279448,1
2366066,0
94094826,0
71513657,1
26264346,1
22383728,0
46004739,1
61160097,1
8812290,1
57804707,0
20002218,1
45729557,1
50885447,0
91869702,0
46396039,0
64634486,0
95687369,1
59627043,1
72908719,1
76442569,0
56224368,1
55547169,0
73931370,0
83873329,0
361458,1
30639857,1
49365990,1
28933074,0
84592673,0
12116728,0
36733811,0
16410393,0
189257,1
46308869,1
77335574,0
68253309,1
60791671,1
96447294,1
76844980,1
46227111,0
73723907,0
13664173,0
21232816,0
75662337,1
1256938,0
29097966,1
76275019,1
56755639,0
47975972,0
93507430,1
48765335,0
52344048,0
34419732,1
19410362,0
69088918,1
40917212,0
1210592,0
21283235,1
94500594,0
55503498,0
24494294,1
73845410,0
29739892,0
15729290,0
26044859,1
48033616,0
69491655,1
69832318,1
99206692,0
24864601,1
15474511,0
46011296,1
11701078,0
42840212,1
97169970,1
40190777,0
38821057,1
83266060,0
13775509,1
56178851,0
56681140,0
19869701,1
57126993,0
13879262,0
56661848,1
19711526,0
4543137,1
62423418,0
24260808,1
12261215,0
78791390,1
49787894,1
98455054,0
24806693,1
57042441,0
93366462,1
99606031,0
1297829,1
56709831,1
97631974,0
97631536,0
29346927,0
66679335,1
69196717,0
53173484,1
1877899,1
77391649,0
27255147,0
20116313,0
8125810,1
59709592,0
76436579,0
73818041,0
15626188,0
9651531,0
90286964,1
67595521,1
76368949,1
21330554,1
58447251,1
90169769,1
92579895,1
44666684,1
73197097,1
94946230,1
31812869,1
14360608,0
64689698,0
87866237,0
86227647,1
58049487,0
76313007,0
65908463,0
65825905,1
57249461,0
92391674,1
12976812,1
63723940,1
52562263,1
48253563,1
85862843,0
3467492,0
38844212,0
54669253,0
81058555,0
88975739,1
6966699,0
61739699,1
66956350,0
26069968,0
69132063,0
68202044,0
15392798,0
14656498,0
70532099,0
51189320,0
14875577,1
49409143,1
63661024,0
17543160,0
34456298,1
90591079,0
17394948,1
68248010,1
30729438,0
34860287,0
80723184,0
70768141,0
80946966,0
51787541,0
80482582,1
7132058,1
6966209,1
31367980,1
70585961,1
44772204,0
570018,1
80216017,1
76345668,0
5552193,1
78012586,1
40036441,0
23823898,1
86247579,1
13670238,0
94693120,0
66862432,0
78771111,1
20852671,0
94822605,1
34995998,0
61689992,1
94358239,0
49355130,0
33968207,1
72230568,1
33342698,0
19309710,1
45600604,0
58754755,1
24250698,1
29223112,0
11931380,0
62684352,0
92674191,1
63091006,1
63654730,0
66216815,1
85739449,0
52217135,0
57886259,0
52597818,1
36598627,0
80835412,0
69602101,0
86689546,0
86841018,1
99985917,0
13004560,1
10682079,1
80599627,0
74920867,0
98606572,0
49913634,1
52973391,1
78275041,1
63833221,0
54209192,1
68186112,0
32385319,0
30545522,0
3316837,1
45758154,0
89072628,1
11819140,1
92816517,1
35143337,0
65404471,0
23345904,1
84803089,1
91862593,0
75487548,1
49600907,0
28725127,0
9794224,0
46656732,0
71256126,0
31931874,0
92579944,1
52301817,0
92204515,1
81254554,0
450407,0
57451464,1
20559299,1
44570920,1
48632522,0
90116988,1
90756257,0
64228662,1
24201843,1
39193827,0
33697972,1
18053122,0
63387697,0
31457538,1
46684787,0
3156819,1
52551169,0
89185088,1
29442850,0
9072964,1
69532010,0
35759014,1
16771902,1
1217764,1
7802693,0
76781413,0
60185978,1
71383179,0
17350935,0
65183612,0
68301956,0
27713834,0
50303489,1
15570959,0
61043656,0
55586299,1
46095038,1
43339307,1
53543155,0
54217162,1
13872241,0
34490133,0
28064405,1
96692116,0
71188696,0
21256734,1
36031260,1
40419612,1
49605134,1
32859557,1
64779546,1
84591427,0
53689693,1
59073462,0
59470284,1
18291913,0
67087438,1
38679759,0
7771402,0
85373071,1
75599721,1
40544411,0
53397421,1
66368134,1
45928448,0
14209820,0
31240824,0
4879397,1
52586875,0
65231233,0
26240933,0
78066879,1
50510175,0
78291801,0
99596323,1
2611317,0
41980781,1
78156500,0
71650312,0
8483940,0
43750327,1
49931217,1
32706955,0
49603445,0
88308284,1
25533019,1
90398087,0
62253980,1
80412249,0
38996744,0
60703794,1
91128848,0
15577036,1
67053105,0
99849205,1
63738439,0
58011867,0
280339,1
10058778,1
78202726,1
60743656,0
11349383,0
16080959,0
78773787,1
79651450,0
14114778,1
1747033,0
98415152,0
1828229,0
62199454,0
46024442,1
31810428,1
15898915,0
28434818,0
53158342,0
53602656,0
83400171,0
39330065,1
35868459,1
97071507,1
48150301,0
27067408,0
13182172,0
17659964,1
56000334,0
43657092,0
88735938,0
59237235,1
19158728,1
867851,0
1361923,0
69284349,1
73863744,0
21709256,1
35556833,0
18877330,0
18263937,1
77998686,1
90888151,0
19383241,1
87231936,0
31069536,0
90594795,1
46519103,0
47650332,1
76275465,0
97634522,1
62181901,1
47550723,1
66580583,0
22148028,1
77368600,0
81370389,1
37949420,0
89918715,1
97979839,0
32469456,0
36389576,0
15894791,0
95942495,0
38902029,1
87618406,1
78293319,1
43946706,0
29268985,1
81704039,0
85302434,0
98991212,0
62605812,1
21335190,0
71787383,0
77862154,0
74025278,0
89562088,0
61520864,1
17471011,1
90963493,0
14100143,1
80552815,0
31126033,1
59319576,1
23188180,1
37446344,0
81479064,1
60666238,0
10413542,0
61145296,0
34211107,1
3576146,1
59709496,1
42947433,1
52616100,1
83273854,1
14835466,0
41426070,0
36245233,0
12069120,0
70720305,0
26594227,0
69286894,0
12680585,0
46142955,0
80185881,0
46783234,0
94962020,0
35849054,1
99388499,0
80928297,0
63923246,1
44865192,0
50188702,1
84608176,0
62646009,0
83017118,0
69148229,0
73021553,0
78397547,1
99692933,1
96575251,1
5027133,0
50243089,0
92000553,1
97645998,0
47355978,1
71095927,0
9712394,0
70888346,0
94846611,1
52175576,1
96151095,0
33536824,1
24898411,0
17761745,1
11613882,0
60743141,0
85971877,1
26470034,0
5728776,0
5188784,1
63880907,1
52874920,1
58163794,1
544719,0
31151172,1
63603210,0
55970380,1
84226815,0
47674446,0
59367123,0
42445327,0
17340837,1
25063166,1
19409011,1
28316399,1
66997100,0
82174396,0
71118529,0
39762893,0
52078118,0
52731798,0
97993598,0
39777595,1
23924835,1
24998223,1
50723196,0
6324026,1
28184149,1
37690416,1
74299321,0
69970853,0
38064758,0
28916471,0
49876918,0
33115683,0
43486791,0
99911226,0
34156704,0
21606094,1
12911069,0
24440178,1
65238800,0
82496360,1
74515071,0
55418175,1
58819313,0
47995959,1
49662300,1
42754565,1
99160936,1
74619328,0
70871229,0
7846872,0
26681643,1
43077073,0
84816985,1
80470048,1
80921652,1
11691762,0
63066346,0
21859319,0
28423951,0
18629075,1
43947581,1
18992359,0
14158276,1
90831629,0
66688816,0
68123922,0
71922409,1
43568986,0
70444371,1
29718406,0
61781661,0
44953616,0
31142279,1
66827792,1
55155321,0
86639682,0
90265357,0
64849998,0
35361066,1
50883761,0
92148250,0
5648805,0
45484912,0
8554153,0
15864413,0
58609411,0
59916938,1
13771461,0
48751972,0
93699607,0
85781818,1
82850833,0
57919012,1
91234727,0
97098016,1
10005741,1
21052918,1
61205849,0
43509872,1
99538589,1
48417683,1
19710548,0
6463540,1
20140418,0
56816315,1
59438753,0
15341897,0
95416220,1
46653901,0
59167103,0
40861147,0
19259366,1
62963930,1
62939779,1
92410631,0
84682613,0
6912161,0
84795885,0
85494277,0
82970785,0
58798619,1
55800752,0
40783985,0
26332070,1
17459382,0
91575818,0
80615194,1
79244056,0
85219732,0
15230899,1
96637590,0
39746829,1
77175145,1
81737336,1
77742800,0
17293191,0
34296689,0
23529792,1
54584863,1
5932441,1
4243994,0
48881517,0
57210145,1
69118176,0
77169964,0
27730336,0
78910271,1
2410540,0
49475237,0
92413508,1
73316627,1
2474434,1
19718389,0
91937494,1
60151657,0
52830129,1
97167287,0
83996849,1
58951062,1
99785861,0
8954870,0
81375535,0
47578863,1
67391213,1
27979606,1
29117858,1
95280153,0
32608982,1
225025,0
99717689,1
70178916,1
70895667,0
94211449,0
48241710,0
77690856,1
5351670,1
69702084,0
12908901,0
62025965,0
76437144,0
95384828,0
95020322,1
32133654,1
28118312,0
99472961,0
80989339,0
63265381,0
87735379,0
5917074,0
92056774,1
23587379,0
7927145,1
94367969,0
47429651,0
14736748,0
22680180,1
36725209,0
33182077,0
26675316,1
68937660,1
77873298,1
70707572,1
74079587,0
77815647,0
93697017,0
33709652,0
47403260,1
1988154,0
70067992,0
12598453,1
7229557,0
44107485,1
49984494,1
45427100,1
64398432,0
20962886,0
63474988,1
57375958,0
13241753,0
51792398,1
50762315,1
79708376,0
30195213,0
19231543,0
26396826,0
15926326,1
57124290,0
60825967,1
89459212,0
17073428,0
40143664,0
28818415,1
15386233,1
70530157,0
57006070,0
31301557,1
64627292,0
56049007,1
31418463,0
14821988,0
44455642,0
24186770,0
26784622,1
40979729,1
91421127,1
68988272,0
40944775,1
64152962,1
16505024,1
10003267,0
97720531,0
61621763,0
96626493,0
14872527,0
1099483,1
73227910,0
83454098,0
68673406,0
63476418,1
10280886,0
62319335,0
64956931,1
18432893,1
94724607,1
5119289,0
24173769,1
25617927,0
86049742,0
20976392,1
75562265,0
97816608,1
32894421,1
64627741,1
46355843,0
36961762,0
86573039,0
104032,1
17166860,1
96750247,0
21711483,0
4309673,1
26414141,0
38129216,1
67945756,0
82776368,0
364063,1
98165656,0
47304072,0
46010539,0
89575735,0
43147536,0
5352934,1
71318930,1
92817587,1
23667900,1
49929502,1
8021143,0
79810881,0
95435661,0
11585045,0
47264465,0
25858769,1
12342280,1
4696786,1
13528851,0
38886866,0
89042948,0
26690755,1
41600750,0
52198993,1
77036138,0
68099692,1
68257594,0
15413183,1
90345699,0
52929977,0
98446132,1
47328757,1
10334951,0
77134120,0
10720945,1
38561717,0
55221263,1
49644781,1
47057470,0
29848943,0
34929323,0
91616522,1
28826381,1
8650969,0
38127370,1
94110803,1
61172279,1
90184033,0
76892003,0
53131093,1
3803237,0
23786676,1
84075783,0
23030452,0
307854,1
47117781,0
2611958,1
31689921,1
36555105,1
15678379,0
78889198,0
36642100,0
27455685,1
20698661,1
58457953,1
80777190,0
14969345,0
27075845,0
99414663,1
35785472,1
68813350,0
48425709,1
45215768,1
8890644,1
21978009,0
2702587,1
22344304,1
56917053,1
43821173,0
49238589,1
28104824,0
60434712,1
26529456,0
78529495,1
25123154,0
20142136,0
97162773,1
98178300,0
26108972,0
85877914,1
47696289,1
28280037,1
13637870,0
13641759,0
66277300,1
65734444,1
20047434,1
20525342,0
28339867,1
31236013,0
37705292,1
4923294,1
95204601,1
79280282,1
68065080,0
63146644,1
51366752,1
70715100,0
49572519,1
49465640,1
76243795,0
93713843,1
32960729,0
89473077,1
88007478,1
67989047,0
34760720,0
76437801,0
56000545,0
73197417,0
60900358,1
38640666,1
34806331,0
83086202,1
46705143,1
37554689,0
83108440,0
47605424,0
50544213,0
95815406,0
64000461,1
87830992,0
16462973,1
89054081,0
1843439,0
90997823,0
4775887,1
97837122,1
64456915,0
32478197,0
3067830,1
82794833,0
33797929,0
61287858,1
19652861,0
3641050,0
708350,1
76924312,0
32242229,0
57873964,1
82057183,1
71465339,0
64026953,0
59747945,1
10464121,0
90900035,1
60860575,1
64332749,0
80120933,1
53084290,1
51596978,0
41543488,1
95396762,1
2368868,0
64869635,0
87557382,0
86069414,1
47853460,1
54962601,1
45745541,0
49141264,1
78855685,1
36737618,1
27015970,0
78737613,1
88750461,0
70135813,0
12520991,1
25227354,0
28653494,1
19896038,0
80695715,0
54424754,1
13748035,0
50116864,1
33687248,0
47924325,0
94209253,0
78101015,0
91248365,1
60146904,0
59267013,0
26870441,0
20366336,0
40207348,0
84327544,1
30059991,1
95621309,1
27328236,0
50212809,0
69726054,0
91472082,0
93280648,1
19636258,1
55483265,1
19888718,0
30388707,0
42859567,0
96955120,1
39781026,1
30872087,0
30079889,1
70738904,1
70323790,1
3491578,1
95321345,1
85187996,0
97175105,1
60296544,0
59020153,1
13826611,0
19330058,1
95335790,1
27233366,1
818174,1
56630485,0
66817404,0
77527234,1
12794352,0
74599931,0
5680412,0
44963302,1
37390840,0
308038,0
20166346,0
95782907,1
45934953,0
35643572,0
31606195,0
73327628,1
47056744,1
74667149,1
630248,0
74160301,1
71812094,0
34107918,0
83986464,1
35995375,0
94680386,0
24048165,1
70207491,1
54980632,1
64862509,0
78484785,1
99581668,0
5587263,1
5306200,1
25321237,0
33953111,1
74250583,1
7417224,0
53901395,0
69913615,1
3528539,0
55772150,0
61800954,1
20172188,0
32930555,0
22338028,0
92559778,1
90808332,0
29183544,1
51839664,1
6030492,1
31167297,1
62245522,1
38996102,1
24171198,1
62125514,1
73355686,0
28431923,0
4202815,1
56374882,1
98432201,1
25624254,0
3241242,1
41173950,0
66352696,0
5418418,0
76068532,1
82252018,0
39919267,1
36005457,1
92084712,0
93921287,1
59639001,0
75488443,0
21096604,1
39357161,1
48224220,0
34866080,0
57266601,0
12697071,0
54007895,1
84954119,0
59074588,1
7977162,0
28739329,0
18480529,1
63144735,0
77880992,1
61758325,0
78440405,0
73798990,1
61223918,0
48675742,1
67257684,1
85841930,1
47464006,0
96548039,1
2132533,1
92386953,0
85783576,0
64172822,1
11842227,1
28538040,1
91309816,0
14974851,0
51375674,1
58948598,0
74519316,1
39759928,0
26342114,0
53551644,0
65278638,0
42665801,0
61457824,0
97047880,0
24339986,0
53886935,1
79753092,0
66336866,0
50183949,1
92857381,1
20738719,1
33376169,1
77005402,0
71547641,1
30931047,0
47092943,0
25101388,0
42235367,1
91964839,1
96513118,0
94192485,0
85538763,1
56783348,1
98918956,0
71171908,1
88445977,0
95136516,0
49314147,1
76437448,1
4906390,1
99074250,1
1020634,0
91589936,1
23316819,0
61149133,0
31466611,0
94546274,0
33930512,0
36855090,1
18825101,0
77013069,0
14409598,1
78047859,0
95033943,0
52531468,1
62752982,1
98047150,0
15796340,0
14077395,0
40509142,0
66529254,0
86153858,0
97068969,1
39155224,1
79738792,0
25590548,1
49465841,0
95812175,0
8816632,1
77520174,0
59585814,0
74951485,1
97687262,0
82956992,0
62598132,1
55241651,1
25201360,1
41634417,1
72555006,0
35059129,0
11056834,1
47025283,0
16745983,0
83215423,1
70510571,1
72455580,0
71654211,1
1748625,0
19780347,1
60895734,1
53275229,1
5990895,1
79791349,0
39308561,1
58023930,0
91723884,1
87271576,0
14104664,1
15971667,0
91097165,0
65568801,1
57224158,1
37556658,1
35247086,0
6263636,1
86068326,0
74170220,0
4641952,0
55118231,1
83038642,1
16920927,0
99882949,0
58082547,0
84170310,1
98514293,1
59597576,0
56896548,1
18718602,1
95891468,1
25425843,0
17899884,1
24712099,0
9659665,1
90890195,1
9384247,0
77655748,1
4707466,0
25055219,1
94030669,1
91758479,1
77493006,1
48642979,1
97967511,1
6898820,1
74854618,1
48355809,1
84314817,0
56687390,0
55116419,1
46054402,0
72662346,1
30150009,0
13246133,1
50501881,0
56486360,0
41218578,1
67044735,0
66877270,1
50706604,0
38056372,0
56196393,0
40967012,0
95015222,0
85331558,1
2426906,0
33266369,1
77167567,1
21305398,0
37291325,0
71931448,0
23175388,0
51619523,1
23190416,1
8632843,0
17118781,0
96217967,0
1508066,0
80961223,0
61301814,0
14786519,1
65831532,0
92084454,0
87650351,1
37098067,0
90791793,0
53281050,0
4074949,0
98165114,0
94365096,1
77354267,1
10476857,0
84696412,0
38657843,0
14001176,1
85198450,0
29412988,0
27932623,1
90759904,1
45678863,0
94437220,0
41503919,0
23942860,0
87252636,1
35172258,0
92627852,1
74918483,1
9074485,1
56912272,1
67984042,1
49522533,1
62466288,0
29672592,1
37681861,1
50065075,0
65995806,1
37466831,0
10814222,1
32990408,0
22787448,0
11281442,1
27923962,1
21773817,0
68382273,1
82247147,0
56243418,1
65656334,1
65495599,1
79246108,1
89480887,1
74800099,1
81294046,1
57413819,1
27616717,0
19651575,0
99415717,1
18806555,1
56801281,0
27151776,1
57807356,1
72099201,1
14596151,1
81865667,1
21962984,0
88745997,1
37150939,1
29982886,0
56587321,0
75983006,1
17703557,1
68530030,1
48854362,0
72899509,1
76053807,0
81003678,1
35617442,0
65472977,0
28209124,0
5373287,1
44657056,0
25773882,0
91791462,1
91764449,0
79386658,0
76762172,1
14571241,0
88278381,1
85268880,0
95754410,1
20200542,0
26687666,0
18418576,1
30045054,0
33247582,1
98115186,1
10607076,0
63815810,0
12254881,0
12728902,0
12746283,0
39138734,0
2172915,1
64103974,1
12258138,0
93876250,0
88189065,0
32731799,0
3539993,0
85861930,0
8632588,1
57753982,0
28658403,0
38162306,0
58088415,0
80301732,0
54372604,0
34157582,0
41967614,1
7343989,1
12284205,0
50143188,1
65817315,0
78629672,1
81900784,0
41487480,0
12591110,1
90859530,0
30552137,1
168767,1
36683330,0
95394912,1
94322959,1
47259366,0
98605442,1
79384060,1
32508187,1
11446286,0
29206794,0
21823356,0
61733281,0
28828236,0
66647597,1
29801711,1
9978856,0
9398001,1
77634195,1
32366852,0
87712186,1
52265392,1
26069192,1
67759312,1
62926046,1
68060506,1
13026435,1
7935433,1
4972273,0
65154523,1
29886547,0
27698582,1
67480620,0
86094030,0
1066224,0
96542499,1
65864171,0
28551353,0
28093553,0
28626810,0
63231475,1
49400875,0
35890369,0
39295714,1
15964289,0
64980975,0
25985539,0
91850106,1
72149080,0
51406373,0
41201999,0
51740699,1
43758609,0
11321790,1
70811563,0
23899213,0
33239756,1
73504380,1
61034383,1
96571821,1
35333330,1
54760611,0
46217685,0
11631304,0
8134877,1
40016038,0
92134780,1
1096220,1
11983092,1
87519015,0
27495141,0
46409917,0
87264960,1
44075338,0
94198426,1
31370687,1
32395275,0
38165217,0
82665096,1
20391178,0
5979147,1
75472683,0
70570397,1
32471303,1
15160419,0
47490635,0
94820148,0
79161738,1
52662094,0
2691374,0
50813245,0
69781882,1
70654803,1
28035686,0
25686522,1
54725546,1
98228698,1
66685376,0
63640377,0
49913122,0
84500326,0
2649097,0
521757,0
30994379,0
8885733,0
78971194,1
38051836,0
27589190,1
10094853,1
5301525,0
83249956,0
27116193,1
51324138,1
47756382,0
621247,0
14330113,0
33072201,1
36269079,0
13234632,0
74993422,1
23688907,0
43268472,1
95907556,0
8093190,0
82763536,0
48015680,0
39564093,0
95888024,0
84534351,1
19864270,1
53779441,1
8671950,1
59256372,1
92874020,1
66917518,1
4725454,0
86738648,0
48413853,0
68119671,1
93361647,0
8268076,1
61227365,1
74145038,0
9871840,0
52518893,0
23687631,0
74388051,1
27246411,1
36611764,0
65639862,0
94734120,0
19769561,1
57660625,1
56434531,1
49584873,1
68651573,0
14104717,0
22252394,0
79166625,0
45761613,1
96468329,1
39531056,1
15206009,0
38850010,1
93010676,1
1094663,1
75999247,0
88478994,0
36250065,0
98457709,0
19262133,0
42860196,0
63802992,1
44680427,1
40297008,1
47927293,1
52097627,0
96715995,1
65736030,0
51842514,0
77078020,0
87385529,0
56565030,1
79261285,1
39002460,0
25075275,0
12630779,0
24116864,0
89597970,1
23361847,1
53436966,0
26152657,0
85819996,1
19101727,0
84580153,0
61942604,1
99014776,1
38583291,0
9030676,1
98373939,0
93022789,1
35624532,0
6314083,1
53708094,1
80298679,1
84378201,0
24885229,0
8848607,0
2890058,1
24567813,1
48971428,1
74404121,0
30017172,1
94222898,0
61069717,1
9060208,1
56420052,0
20437650,1
77587776,0
54070232,0
77627283,0
51502229,0
69160588,0
63299169,1
85327,0
75050874,0
1013875,1
11734416,1
68599726,1
73075602,0
70848169,1
95905538,0
48303453,0
93323663,1
1322942,1
95990549,1
36623340,0
15354016,0
98281239,0
75910802,1
59622365,1
49233361,1
88924303,0
55995250,0
39795338,1
92624258,1
96367039,0
14850892,0
11195829,0
1764918,1
126935,0
40218137,0
60026690,1
6237240,1
44848119,1
6045735,0
58788921,1
94849312,1
81698208,0
31118768,1
51886915,1
59769662,1
76151984,1
20784292,0
68643191,1
49774928,0
27939088,0
23414531,1
11123573,0
25850527,0
53624598,0
56786565,1
89761230,1
28878220,0
41434409,0
97017346,1
76419440,0
29601353,0
39310095,1
25446500,0
50030112,1
62030642,0
34362299,0
49004865,1
53426018,0
42212106,1
81170837,1
22977488,1
28415664,1
4755538,0
57035618,0
95752671,0
16938566,0
6201435,0
23803141,1
14771683,1
38971633,0
95751931,1
94599009,0
91104008,1
32531135,1
82810713,0
50615998,0
21215477,1
9108377,1
69423041,0
72749791,1
21643657,0
70231421,1
78911505,0
97413399,0
18640023,1
11604095,1
35824382,1
63983547,1
20061022,0
79844656,0
61630225,0
1133595,0
40776977,0
6916077,1
68090845,0
83805343,0
91060698,0
59233664,1
44029891,0
56387802,1
92100571,0
70148734,0
33804848,0
24504312,1
66802399,0
86359371,1
98137482,0
48544484,1
13828654,0
37039392,1
41850875,0
77739891,0
36837532,0
81303857,1
67397421,0
13791482,0
8583485,0
62903374,1
17232316,0
58383596,0
99864691,1
27173892,1
50324379,0
92340374,0
64936619,0
25627954,1
39281445,0
5191421,0
12193461,1
95682784,1
48746395,0
44060212,0
25326765,0
86850650,1
64504493,0
25607733,1
13751660,1
93329466,1
72705908,1
42587346,0
68191064,0
50032971,0
54217274,0
73617207,0
12720003,0
15584488,0
2953031,1
18627936,1
54053900,1
77226156,0
67843345,1
99401292,0
83014080,0
60037001,0
48045861,0
52228883,0
6761809,1
75610771,0
72603738,0
90936101,0
47384938,0
24144144,0
40758429,0
84238892,0
43046245,1
82772349,1
53611444,0
85922560,0
22808924,0
40994389,1
97528284,1
12336680,1
98273636,0
92867029,0
94934934,1
18351390,1
53468179,1
32395603,1
17732156,0
97986854,1
91223616,0
5080512,0
85026441,0
12019706,1
88546834,1
85985640,1
50179294,0
86827826,0
94050884,0
2641592,0
79286032,0
93572416,1
7065498,1
91320336,0
75500611,0
71634960,0
64879985,0
56570145,1
43637663,0
45415313,1
56327367,1
61613971,0
98183206,0
27957212,0
72469614,0
63451946,1
71996272,0
96212196,0
50397574,0
44124460,0
11373512,1
50000543,0
54530288,1
31696857,1
47742763,0
61830325,0
59921856,0
17859769,0
28786138,1
86337937,0
50452416,1
73263344,1
63146105,0
13245340,1
59863981,1
53793243,1
58379242,1
28995112,1
54305536,1
3614441,1
4763823,1
87502549,1
30560785,1
60685784,1
82798642,0
12646472,1
69073376,0
60225348,0
59567939,0
75063019,0
91942377,1
13267878,0
26916936,1
16631698,1
25605832,0
95696045,1
19282673,1
94918561,0
11109587,0
98282423,1
65762424,1
88330641,1
54096213,1
16144518,0
8467346,0
32646822,0
31835145,0
94632271,1
59817474,0
37605127,0
35820856,0
20190882,1
96372458,0
2383708,1
49522162,0
29621741,0
35589068,0
20381429,1
81721230,1
18230930,0
35640160,0
15955193,0
88269777,1
64772015,0
47623554,1
6522539,0
25113404,1
58481484,0
5437224,0
52489320,0
9869167,0
21131912,1
3653573,0
66986757,1
94619955,1
63929380,0
42052798,0
18389379,1
18345402,1
52591439,1
41504414,1
48831714,0
35866332,1
73189788,1
61853422,1
25377986,0
70969281,1
5634804,0
84144771,1
543628,0
23370346,0
89937916,1
87029440,1
63710536,0
43966144,1
27841890,1
37402527,0
5542744,1
60228118,0
37808195,1
5808030,1
66575542,1
3788060,0
3399566,0
95115712,1
43035727,0
58838715,0
74901875,0
8822658,1
32327379,0
66498262,1
55388963,0
58568712,0
57193714,0
31205433,1
88597570,0
54651306,0
71368917,1
77366344,1
54539271,0
7418478,0
39816059,1
99159786,0
55526835,1
94069501,0
79363745,0
23427716,0
67294324,1
78501857,0
10071732,0
69744606,1
81173369,0
12374003,0
44164394,0
25899565,0
1747627,0
7286014,0
5377646,1
41750378,1
26930576,1
34518413,0
67394175,0
36671915,0
76817755,0
40142061,0
50446331,0
31610451,1
46602381,0
72430723,1
23447115,1
18155281,1
29175248,0
55703722,1
65061144,0
1461541,1
19479786,0
76343616,0
82308369,1
7219212,1
69743356,0
45114439,0
45459901,0
48803462,0
14980520,1
3750128,1
88331346,1
13822007,0
56343077,1
75844510,0
42532660,1
65933176,1
6687045,0
43128661,0
7928829,0
13786701,0
82950081,0
32393883,1
48048713,0
87620653,1
86244234,1
26030145,0
99751100,0
27282344,1
28014294,1
77438414,0
8050601,1
89762855,0
64694340,1
8109575,0
92374778,0
79958341,1
89593527,1
38743206,1
51070933,1
18935754,1
17923253,1
73580357,0
98397399,0
62236786,1
51413878,1
79784743,1
52496612,1
79837941,0
70411664,1
11562634,0
63164136,0
70466873,1
45894000,1
27914,1
74993292,0
14166485,1
31898094,0
88365698,0
54851979,0
65423932,0
96725385,0
31037037,0
71867287,0
22490949,1
91583195,0
65460931,0
58458710,1
8114551,1
25059462,1
57949609,1
90945628,0
12067626,1
10890438,0
31097536,1
12610287,1
19599329,0
29087330,0
1610310,1
89930657,1
14101528,1
87179099,1
65224677,0
12509777,1
14720054,0
67088724,0
99834424,0
24644305,0
99412328,0
86754120,1
19886336,0
32508398,1
55326928,1
91174737,1
68389637,1
3743929,1
66189880,1
42621506,0
28655555,1
63800365,1
96279007,1
86377946,0
84930140,0
25998489,1
73238226,1
56621830,0
98441103,0
96734400,0
16493417,0
8685331,0
76632544,0
16704747,0
13868306,1
69821480,1
47169483,0
68526161,1
43756578,0
76348095,1
5288179,1
41396508,0
30339031,0
81827403,1
78044629,0
94544913,1
4303845,0
3765322,0
99540926,0
29268428,1
37159481,0
23796437,0
45890327,1
53695543,0
1451952,1
46510267,0
2946788,0
32160059,0
43541091,0
58199695,1
54436720,0
52358368,0
1575030,0
1965128,0
11377460,1
70027904,1
90975438,0
43916963,0
76435561,0
95154029,0
90891731,1
66639275,0
96989631,0
91656008,1
67708465,1
53296399,0
21276897,1
29940715,1
31866630,0
370258,1
49543927,1
45532887,0
62666744,0
27958506,0
66801222,1
32036499,0
50548386,0
20580998,0
39052021,0
5385816,0
78772251,0
11661930,0
89879339,0
42393167,1
98861163,0
46911703,0
2950983,0
38223980,0
5650565,0
59268754,1
92178591,0
10230827,0
80467457,1
7515266,0
6766644,0
94761433,0
21512738,0
33560660,1
49339691,1
74479692,1
19415800,0
39697437,1
83627582,0
68089024,1
49222601,0
96176950,0
99563406,1
67596113,1
41993000,0
63159770,0
3684270,0
11094849,0
92794277,0
80235969,0
84103169,0
23234918,0
84345871,0
67478814,1
57745281,1
81009032,0
54809595,0
70454187,1
82760821,1
26070862,1
50450948,0
55369363,0
67828097,0
50489467,0
19149664,1
42589434,1
70668898,1
70711430,0
55336329,1
94102644,1
23953673,1
96249591,1
20873616,0
70938867,0
76826009,0
34964311,0
71516645,1
7611417,0
34950701,1
6260068,1
65151079,1
9105198,1
79716246,1
50116492,0
22374050,1
96503820,1
31306497,1
28481202,0
20425809,1
81673597,0
22000295,1
18816938,0
54888680,0
30739309,0
56086567,1
92143960,0
9742039,1
68443364,0
35605730,1
68523842,0
68610623,1
24403379,1
43955514,0
58955524,1
96345516,0
5234323,0
904122,1
27015107,0
20539604,1
23409492,1
50089194,1
26777510,0
98513618,1
65141564,0
86941639,0
16936202,1
15058566,0
18454528,1
39467745,1
16422350,0
87949693,0
32588368,0
35536197,0
41089888,1
66391854,1
38648487,0
44905775,0
28257491,1
83517007,0
9745763,0
56308717,0
84956768,1
92955048,0
90858767,1
45991797,0
36459476,0
22364003,1
34200809,1
69401263,0
98592314,0
42774007,1
46740639,0
74944537,0
56579877,0
30264358,1
2163249,1
4953958,0
36599781,0
7042491,1
38513795,1
49013605,0
57326587,1
52900428,1
22756680,0
12406425,0
84830384,0
50718795,1
43433125,0
54086500,0
89831475,1
13077345,1
4905824,1
67642602,0
41313766,0
81417143,0
34757571,1
7992478,0
18552071,0
62821040,1
67591093,0
72343780,0
71599076,0
84307346,0
52110711,1
60229410,0
18654396,1
24979547,0
40133287,0
86605121,0
36056980,0
81330533,1
71746746,0
2354592,0
45225176,0
83576484,1
4395772,1
72131112,1
41019412,0
6087150,1
42399034,0
16604678,1
80555736,1
17081083,1
68700668,0
50530494,1
40759116,0
47960112,1
43941597,0
35087876,1
29505771,1
64312830,1
98751596,0
88715182,1
94702439,0
30509442,0
23468341,0
21574386,0
1622018,1
18872798,0
6673556,0
72159306,0
36929618,1
987798,1
18314837,1
98868251,1
55721022,1
20573297,0
54611490,1
5360260,0
17915071,1
63254157,1
22838344,0
45846624,1
54485932,1
34264202,1
33175070,0
7334738,1
45384246,1
42728732,0
20200083,1
91395350,0
60185238,1
99612816,0
40589519,1
83000664,1
69049109,0
70287217,1
9347211,1
68493838,0
15555810,0
82650535,0
45510423,0
603086,1
19174877,0
81135337,1
43058834,0
55838594,1
79792871,0
47750610,0
87695373,1
19786531,1
80670685,0
52658741,0
8859845,0
1846496,0
88498735,0
41951078,1
80559852,1
35803543,1
24224910,1
80197904,0
87655247,0
13491189,0
72226124,1
10678387,1
73021485,0
93031909,0
87970156,0
83467032,0
78203753,1
42121528,1
48583817,1
88656506,1
91871945,0
82020705,0
98597524,0
88850073,1
90577004,0
611788,1
75281100,0
68939124,1
44451498,0
94588128,1
22899,1
49202608,0
47765941,1
64836990,0
33091659,1
99325652,1
63030316,1
79937759,1
79965972,1
41880269,1
23562370,1
28168112,1
64647717,0
68337372,1
62912334,0
16563768,1
18762843,1
91301511,1
51496523,1
73839090,0
60425984,0
45619328,1
20083228,1
33755556,1
97236127,0
74508021,1
24276565,1
83212336,0
73016129,0
50795482,0
30552032,0
65335407,0
74517726,1
47653609,1
51111176,0
13360507,0
91073908,0
44521922,1
4899457,1
64961212,1
17637161,0
72586209,0
80741845,1
36865104,0
71827865,1
48618305,0
75581098,1
2787811,0
71917632,1
46384577,1
29741450,0
25014745,1
92618452,0
87459636,0
69639969,1
39561022,0
96831191,0
34039951,1
32141746,0
80795846,1
54244935,1
12914046,1
17437813,1
6590445,0
16527738,1
34004806,1
48629324,0
58478564,1
70690635,1
99506272,0
66657662,0
17750079,1
78121191,0
66076043,1
92404238,0
21548426,1
24449837,0
57847550,0
29898390,1
83759123,1
10034284,0
51886931,0
42855746,0
70458117,1
15387560,1
44477280,1
45482726,0
4008554,1
69988527,1
73041938,0
30141443,1
45119322,1
28008761,1
22594058,1
62044192,1
2261311,0
79211748,0
48925997,0
43730931,1
62713498,0
94668608,1
80444902,0
35574385,0
95132309,0
19888863,0
46523355,1
1370532,1
82262943,0
61271772,0
68605036,0
45557459,0
98737987,1
88727220,1
89740943,1
40532686,0
33008397,1
55906283,0
60145396,0
84457808,1
2802378,1
68961483,1
68368659,1
41602678,0
66739958,1
56496020,0
97090468,1
79853021,1
76034809,1
30258254,0
85894840,1
32522184,0
86714506,0
13833761,1
76295130,0
11627221,1
5079439,1
42845878,1
24405181,0
32404954,1
52623227,0
93230237,1
34455995,1
88232920,0
75010969,0
76375245,0
49391429,0
70326821,0
76229751,1
41446597,1
87167659,0
302489,0
31637135,1
99201267,1
13011786,1
72103230,0
53105363,0
40034321,1
5063156,0
75837505,1
81399705,0
43833731,0
81307680,1
86727725,0
59848566,0
24062324,1
26178078,1
38311906,1
25492100,0
85699963,1
45723574,1
5249686,0
6743603,1
91230552,1
84515014,0
64932205,0
89038920,0
85648406,1
50281633,0
64128304,1
71263781,0
93501484,0
96913237,1
62572152,1
13632967,1
14719845,0
93209091,0
69850002,1
33697437,1
6186589,0
22473210,0
58283353,0
14481189,0
82826768,0
11077329,0
80243149,0
44832124,0
78570232,1
12289409,0
89116468,0
4512522,1
60940299,0
86196205,0
84080831,0
28051826,0
97076546,0
80432221,1
64700052,0
76245502,1
93322758,0
98518962,0
36120209,0
8806206,0
44581567,1
86865629,1
84734394,1
23603973,0
17889916,1
31421357,0
43325162,1
6342326,0
43757703,1
59614249,0
10376120,1
97262944,1
46851940,0
10519292,0
98809072,0
58850590,1
41074726,0
75470815,1
94166854,1
85654049,1
64756863,1
8802446,0
57604938,0
90775337,1
11416905,1
6461724,0
52014427,0
90607472,1
60443927,0
8443180,1
45431238,1
69200489,0
96174415,0
25311951,0
76166609,0
4870185,0
34878810,0
79340305,0
68399884,0
72090768,0
44555523,0
12854702,1
22856441,0
46443761,1
91848781,1
3825193,1
94546161,1
87372275,0
83271538,0
36482800,0
55316382,0
59818124,1
35914600,1
14826116,0
79780256,1
55799185,1
79751608,1
80223109,1
63847776,0
70949223,0
10004871,0
7598703,1
84973550,0
28870141,0
83973752,1
75555017,1
76682945,1
58475331,0
81021159,0
21970231,0
10967870,0
43361095,1
30701406,1
62337216,1
62085471,1
50925799,1
97477397,1
67807920,0
17862099,0
13705197,0
71213789,0
88794218,0
96367202,1
41315036,1
66085151,1
281727,1
17171343,0
32693947,0
61844784,0
38760997,0
91060809,0
57546321,1
14169381,0
78115851,1
16214146,1
54821290,0
21901417,1
48843075,0
9978107,1
89291809,0
19575687,0
67473291,1
35050262,0
83349181,1
4860023,0
28781763,1
90094556,0
21055430,1
39848739,0
48119333,1
22688666,0
19443014,1
12596291,1
27071478,1
46728112,1
38496050,0
36658234,0
6833739,1
45155363,0
35028097,0
95854057,0
44167113,0
79278466,1
60111796,0
99195512,0
66557169,0
71966532,0
49917050,0
24234439,1
44663000,0
20857038,0
95392284,1
54378637,0
14299428,0
5128692,0
85121096,1
55234961,0
12235801,1
25767031,1
7481941,1
44818928,0
86574143,1
33830046,0
30385681,0
50571226,0
43506003,1
88699095,0
72592609,0
30125207,0
18982540,1
15307012,1
50594749,0
93622268,0
54712278,0
31056945,1
1585299,1
54165779,1
59067224,0
23513295,0
82318809,1
19658089,0
20483961,1
11765794,1
48281795,0
53560753,1
37300700,0
70666604,1
54271008,1
19655077,1
87819773,1
99537776,0
49604546,0
31557648,1
76415680,1
84044926,0
78728657,1
58659032,0
68714935,0
91977655,0
5926636,0
39354399,0
41180368,0
11279612,0
43653980,1
66967190,0
29619922,1
64075663,0
68978319,0
49220108,0
12707826,1
45575726,0
38475040,0
70302931,0
2173974,1
34328394,1
11777784,1
63840263,0
65883320,0
47572617,1
86086483,1
24214494,1
81669205,1
64080161,0
17576256,0
45348722,0
98455704,1
43751504,0
68346269,0
52856344,1
87627356,1
39189321,0
83441417,0
55451710,1
76508197,0
68516664,0
49608669,0
26622748,1
13083218,0
79077776,0
172390,0
26422855,0
29167135,0
65097836,0
45757089,1
74045822,0
7871833,0
63169332,0
44172322,1
43592606,1
61799579,0
96063064,0
53411904,0
14353260,1
62969386,1
53456419,1
36340963,0
68920219,0
75372287,0
10565884,0
29576425,1
84277284,0
48405962,1
19722469,1
547551,1
46040640,0
34983892,0
88757297,0
55943826,0
41543568,0
33778845,1
77979812,1
56410727,0
28148350,1
71348421,0
17698452,1
62022171,0
75859815,0
13888991,1
64284043,0
69189450,0
42443180,1
11831433,0
39420644,0
47406846,1
12041525,0
97892387,0
74656705,0
73334791,0
24276209,0
22203942,1
2134142,0
9193138,0
13325805,1
49714964,0
57897343,0
28695784,1
95038861,1
34774411,1
51464163,0
41585945,1
12896717,1
26709486,0
51038752,0
35802475,0
37854469,0
43934285,0
52560289,1
59994859,0
55913070,0
61701375,0
76469565,0
54887447,1
83907805,0
2591328,1
47613054,1
45860902,0
68938674,1
62856375,0
20001425,1
15577985,1
76858275,0
46253147,0
91729538,0
72854087,0
45659157,0
92025122,0
84868903,0
83571788,1
67487740,0
16671263,0
93035249,0
57283046,0
11841860,1
59313494,0
83604696,0
8358210,0
14331004,1
90332495,0
4584304,0
19860515,1
96755245,0
3075545,0
57523145,0
28277955,1
22757461,1
7142110,1
73257334,0
23071652,0
92270122,0
46062086,0
15254530,0
70596339,0
39258858,0
61783531,0
22818488,0
58979178,0
35184532,0
28723660,1
65057898,0
61737103,1
84826852,1
5809907,1
16768663,0
17181384,0
42036396,1
37632574,1
6566340,1
28550386,0
10915793,1
78428645,0
20995341,0
93518854,0
97187090,1
90072280,1
40996596,0
84671984,1
22852194,1
71797886,0
55961571,0
78421887,0
30861480,0
98247285,0
42246349,1
87891115,1
39727926,0
13568964,0
77773677,1
80127004,1
14652932,1
70734869,0
49760703,1
7259712,0
88381579,1
28375379,1
51615730,1
98711881,1
59012522,0
45969483,0
49980897,0
60269873,0
31694584,0
51879278,0
30921497,0
67046686,0
37245184,0
76366172,1
55137023,1
44510904,1
18550989,1
16057697,0
85356418,1
72944036,1
58713656,1
25453268,1
52639072,0
99938948,0
7712208,1
75538766,1
34609265,1
71298678,0
72923403,0
24603855,1
82890368,0
22333911,1
5675257,1
93489804,0
46360820,1
38603818,1
33849666,1
5647120,0
45696212,0
72402034,0
37407799,0
56093439,0
93462786,1
49895677,0
89788126,1
67969801,0
42896093,0
64689367,1
86236552,0
2852393,1
89342360,0
19287737,0
89287721,0
18516500,1
58631073,0
86377597,1
62735787,0
18004471,1
20795048,0
498222,0
90191121,1
46353127,0
94925004,1
610375,1
62353531,0
29939230,0
39772593,0
64947376,1
17427240,0
89267268,1
58723167,1
19536306,0
39955603,1
10598219,0
14154413,1
38314654,1
87915272,1
5620816,0
19164890,0
28112647,0
31276731,1
13734049,0
98143403,0
14848931,0
18864557,0
21239347,1
2851080,0
67466548,1
38791997,1
73263137,0
56794966,0
39934843,1
73580723,1
48933372,1
67175981,1
38666640,0
36187758,0
73241034,0
38559782,1
14124897,1
41857086,1
30737905,0
40019446,1
93097060,0
24243511,0
39697640,1
2480913,0
22717722,0
67755456,1
26474729,1
86499264,1
93078414,0
48140681,0
95602389,0
33554688,1
43835016,0
46702579,0
1798485,1
96275770,1
39794425,0
29346017,0
60061070,0
96867679,0
85890860,0
16826344,0
64294802,1
78157637,1
95921679,0
65475647,0
10690962,1
58849512,1
87750165,1
68601490,1
30627668,1
83639253,1
1238197,1
48214869,0
6927639,1
1018926,1
17904208,0
49578249,0
73597952,1
91278241,1
75342510,1
82486592,1
68449618,1
24901582,1
58157369,1
33525212,1
68410574,0
84282939,0
61016907,0
35032736,1
90252666,0
22291599,1
90820233,1
10909988,1
89608665,0
26847647,0
52749529,0
85817775,1
12269528,1
5838549,0
5501842,0
561689,1
41271099,0
68753997,1
93387124,0
93798164,1
33387370,1
91227453,0
47848512,0
45316463,0
13575882,0
86044364,0
19457731,0
82226612,1
27580513,1
99888537,1
99140726,0
93314098,0
22217466,1
47849005,0
26971094,1
36473105,1
93089398,0
55236314,0
16542264,1
89321452,1
40538394,1
89786835,1
25092334,0
83334930,0
69447665,1
21376110,0
3385982,0
94651527,1
82406113,0
47273305,1
28759598,0
15939752,0
1521146,1
91116705,0
43280099,0
82125598,0
90934830,0
59780583,1
80723592,0
45402722,1
60773228,0
16563089,1
71045231,0
93741075,0
51822302,0
16981134,1
66291595,0
95740089,1
91607630,1
39944012,0
69471053,1
88335984,1
51241705,0
69524587,0
57050358,0
48771470,1
20757503,1
63033048,0
5617583,1
88877409,0
63656904,1
10373501,1
1945885,0
1994043,0
99149408,0
3886317,1
11528415,1
49179809,0
98012854,0
85940494,0
73776618,1
42912369,0
12773836,0
29281146,0
25992094,1
26147466,0
93478792,1
16989126,0
75445093,0
70431954,0
47917298,0
9572517,1
18590160,0
59296612,0
63439723,0
99136122,0
81327466,1
83651372,0
87663052,1
14076810,1
76644413,1
94503917,1
92639142,1
87400553,1
98640445,0
7292705,1
71406146,0
56680038,1
42396248,0
1338875,0
73110872,1
86845985,0
79462450,0
31340253,0
63109769,1
74185104,1
279454,1
96649358,0
41574395,0
11139526,0
8501277,1
70326020,0
73907136,0
66473821,0
16008976,0
70114420,0
65825574,0
52056979,0
25850578,1
96829475,1
1643831,0
46862332,0
41952471,1
98174056,0
760558,0
57847078,0
84349819,0
13900192,0
94338187,1
81359610,0
98151823,0
5102946,1
2666365,0
64855819,1
87491758,0
35342525,1
1340586,0
66285252,1
92858142,1
4454576,0
66843516,0
277885,0
90879835,0
21940747,1
67928733,0
99331069,0
93481965,1
84848102,1
34058602,0
45211171,1
35822286,0
96574694,0
8833326,1
32429624,1
42473263,1
89262096,0
22478214,1
55253976,0
90759354,0
1571169,0
91870738,0
67923421,0
86403324,0
57486854,0
89501240,0
24713158,1
88263718,1
22506854,0
79637922,0
82632277,1
86015389,1
15404394,0
16404236,0
45730577,0
33199073,0
55477562,1
95032259,0
1692635,1
76071190,1
8222311,1
16454787,0
98329283,1
57153147,1
8596945,0
14177005,0
57042753,1
28328519,0
4466684,1
56606368,0
57231405,0
23194817,0
46637679,1
5353298,1
52282240,0
27976780,0
17958840,0
59157785,0
89701672,1
63325893,1
36899629,0
61637426,0
44782802,1
49704666,1
58414796,0
58822685,0
45026868,1
5932512,1
61717757,0
78237178,0
1377061,0
4791094,0
69818496,0
5987772,0
53754591,0
43442929,0
74599819,1
55738677,1
46949310,0
87679024,0
63020711,1
16697632,0
68859452,1
27686598,1
2314154,0
71973473,0
80092328,1
50251185,1
93412388,1
76510478,0
53135497,0
21650358,0
84714077,1
77019439,0
82848030,1
7352986,0
54998640,0
21473936,0
69917117,0
49486459,0
21891862,1
14818582,0
8903486,0
44362723,0
52161579,1
5470193,1
60224433,0
483137,1
88105814,0
61974549,1
6572814,0
26171763,1
48527973,1
61157299,1
23060623,1
77275321,1
27403912,0
4412137,1
3201299,0
66802490,0
87679623,1
55185794,0
51838392,0
35686784,0
83428147,0
33492424,1
71242860,0
38209893,0
94488523,1
60748585,0
24133283,1
82584293,0
28881211,1
26258118,0
34704395,0
89700094,0
22684975,0
67446321,0
67717770,1
53850584,0
69765249,0
27062076,0
50796712,1
80247250,1
97767998,1
48204560,0
98153319,0
64094297,0
55444022,0
67204016,0
72106418,0
96138803,1
44733932,1
60293458,1
62752996,0
63133456,0
70192661,1
10490454,1
20999735,0
70096504,0
37436581,0
56075018,0
15528477,1
22483333,0
65745245,0
88082678,0
3178734,0
1704698,0
23996109,0
30697873,1
6307377,1
62258087,1
48289042,1
4754475,0
92785744,1
38698737,0
56420506,1
81790042,1
27821848,0
71331226,1
85032270,1
83869978,0
74262568,0
67383663,0
95035858,0
16253417,0
53800437,0
61912590,0
58970569,1
35799252,1
84213038,0
90493352,1
30767842,0
52840860,1
58866054,1
37893259,1
65002718,0
34846340,0
35638869,0
97744456,1
26577616,0
1394168,1
52264373,0
82114742,1
6506671,0
17041637,0
21275495,1
71353914,0
39742563,1
39434625,1
12547172,1
48709595,0
94551267,0
20352822,0
33122190,1
2317888,1
91183805,1
79840653,1
82824610,0
31613863,0
41665012,0
3854679,1
93011179,0
57758138,1
11203768,0
13910371,0
88183948,0
77388478,0
50846777,0
93524721,0
86351601,1
94513734,1
73125353,0
97170864,0
12660882,0
75600622,1
97221648,0
69930822,0
57948758,1
91986183,1
96915138,0
66452033,0
51019913,1
76584911,0
86236687,1
96245965,1
35549929,0
60198200,0
36829859,0
68178858,1
43731279,0
82433747,0
65102839,0
79492634,0
52167480,0
79686363,0
60133658,0
5687203,0
25486872,0
14401707,1
5153687,0
25296226,0
88592689,0
26418445,1
73215364,0
95909249,1
7664058,1
78833879,0
60867652,0
15673882,1
17256393,0
75360806,0
82758098,0
26620887,1
58473809,0
84734182,1
53922199,1
59661557,1
44714700,0
23303521,0
6230637,1
28900337,1
85853498,0
21396319,0
8025077,0
51468263,1
75580356,0
8005009,1
79709826,1
42911253,0
89729753,1
80682584,1
3893227,1
600423,0
23833911,1
34988175,0
82234503,1
79414195,1
34580811,1
91973819,1
10812965,0
95160511,1
80892355,0
30755081,0
96501153,1
25771743,1
82904098,1
31719348,0
55231038,0
56840048,1
62863030,0
9667257,0
93000047,1
77023107,0
71803482,0
52912963,0
94332415,0
99069308,0
39941059,1
75393627,0
73342030,1
84382825,0
26614582,1
93600267,1
89442444,1
87822979,0
72171405,1
96091345,0
50946087,1
65526075,0
63879297,1
66116219,0
12746284,0
83241615,1
65874033,0
44495229,1
48156344,1
83846827,1
96834905,0
67346982,0
92877183,0
20850914,1
67126343,0
78212002,0
97578903,0
37096892,1
84691218,1
32245326,0
95115678,1
94065655,1
48434170,1
18213962,0
26134385,0
72188664,1
69092210,1
9673243,1
70143123,0
56694753,0
5179705,0
63882639,1
82382602,1
98602458,1
65608139,1
95731809,1
69609386,0
60537691,1
77426468,1
43362215,1
91301143,0
92326906,0
40955904,0
28259242,1
20427207,0
71813116,0
19581953,0
40035863,1
70267911,0
18331794,1
65221973,1
85070032,0
69555949,0
80345852,0
72500935,0
91996945,1
55746723,0
27133006,0
15701539,1
88382859,0
16579578,1
13431883,1
58877868,1
21544548,0
71763484,0
31072699,1
93245257,0
5503018,1
14191306,1
82702959,1
96009223,1
70610300,0
55575472,0
77002039,1
43073474,1
15965494,1
64089475,0
2684078,1
4661902,0
33164073,1
15627664,0
1877761,1
48881759,1
56900745,1
42535898,0
46933914,1
20358875,1
61796054,1
87608659,1
73474493,0
47691222,0
9718695,0
36154830,1
98127642,1
64759433,0
56636675,1
56698049,0
39435977,0
89576281,1
14421509,0
91377213,0
70834923,1
57512566,0
55846338,1
76380054,0
69313142,0
60004384,1
49722314,1
95074221,0
50186683,1
80410859,0
71311316,1
36895172,0
8440186,1
37174970,1
69435148,0
91390597,1
51314893,1
65309740,0
78374578,0
13221041,0
12236336,0
39734000,0
10524021,0
92378036,0
3630439,1
81019657,0
42260184,0
5813739,0
48857176,0
38536207,1
52084036,0
52549295,1
92160474,1
18904103,1
52628322,1
68779832,0
94211522,0
39718714,1
20636171,0
21638457,0
96934809,0
47984117,0
63826837,1
24965506,1
75450308,0
84979902,1
26983288,0
1702393,0
5961422,1
54339143,0
82561709,0
51355051,1
66561175,0
23690692,0
39617803,1
78214402,1
46529764,1
57288373,0
39529801,1
99367057,0
19375709,1
52910636,1
23251829,1
80552096,0
74294115,1
60955945,1
36023549,0
58547140,0
77442945,0
66171394,1
17045471,0
20881726,0
65588133,0
90393281,0
34075015,1
69955140,1
99583528,1
91219803,0
70655767,0
75405781,1
34247605,0
10831740,0
24039668,0
61108040,0
30356216,1
46534625,1
75346132,0
52802973,0
34688933,1
24711252,1
58838122,1
86147502,1
88400649,0
42337032,0
624112,0
92491235,0
84155118,1
2381924,0
60354929,0
49400049,1
41764042,0
35468564,1
34454324,1
60384959,1
26211677,0
14404397,0
14694355,0
91082602,1
89434545,1
73374980,1
6912082,1
70826950,0
96057039,0
29918219,0
8071073,1
61192669,1
81086442,1
27757443,0
12528382,0
99800531,0
86387909,1
75615871,0
85948378,1
39158537,1
14132470,0
7063514,1
10018695,1
6967729,0
60469603,0
56133719,0
24496856,1
39224801,1
94258484,0
53084435,1
63757881,1
34927861,1
35247422,0
91998901,0
73117692,0
17396832,0
27391443,0
31704839,1
64663396,1
86444262,1
29186944,1
86889622,0
86574718,0
79534606,1
69057138,0
11327023,1
5459938,1
3294989,0
79692896,1
71172808,0
73551346,0
52337561,1
26033848,1
23910067,0
7654410,0
43969966,1
43214184,0
73021118,0
63156799,0
85855790,1
82235884,0
70630732,0
3592058,0
35648066,0
46707103,1
68901242,1
71180934,1
36100475,1
61444633,0
97517538,0
69593249,0
30439633,0
8942066,1
63782297,0
86419792,0
58006798,1
92569234,1
49188073,1
57309825,1
1713682,1
30715299,0
50988636,1
9044015,0
4758274,0
750056,0
43455997,1
73752386,0
49078030,1
8673276,0
43030014,1
2428102,1
76044783,1
1081993,0
19519989,0
68105467,0
56159156,1
25925222,0
83722421,0
62247620,0
17260193,0
2569589,0
79963186,0
93951993,1
66714675,1
19170445,0
186730,1
66255598,1
47077505,1
68916137,1
6847796,0
59096539,1
69315957,1
50647626,1
3058403,1
9497605,1
53503199,1
52594600,1
73872662,1
66729391,0
88625443,0
96118953,0
2108826,1
927818,1
35495565,1
39975782,0
9325949,1
77986847,1
84712006,0
18962492,1
77436906,1
60073858,1
42689265,1
51611278,0
63953233,0
73287480,0
57804546,0
18319720,1
93618063,0
8283288,1
78476887,0
18550241,1
77567092,0
86053380,1
91524184,0
31261707,1
53423439,1
87732921,0
36130364,1
95497852,1
71936160,0
53167255,1
29766846,0
84816141,1
63584479,0
126081,1
53876581,0
56969603,1
53342458,0
85635610,1
10055880,1
52118920,1
17113299,1
97168481,1
68473833,0
55674097,0
44018988,0
46074662,0
41299625,0
12710845,1
78649713,0
84203039,0
85036381,1
11143956,0
33116523,0
26285318,1
89832284,1
22511212,1
74676188,1
73657227,0
1451776,1
99568688,1
98770246,1
69608221,0
8128547,1
59726841,0
40707596,0
10651006,0
21580278,1
99085258,1
35490790,1
69613297,0
55587376,1
77171868,0
54130102,1
32864914,1
21845362,0
78155779,0
16799312,1
98702494,0
18915256,0
58210299,0
54771356,1
55666298,1
83762897,1
84883063,1
21594302,0
5740936,0
31367396,0
5133168,0
35284873,1
94018403,0
94899216,1
60561601,0
30791828,0
76235908,0
90357754,0
47812425,1
26497278,1
21227440,0
78958375,0
41077349,1
14866430,1
80435602,1
56697757,0
89963751,1
56016545,1
44515592,0
17441830,0
15496197,1
32544958,0
38548792,0
28004716,0
90022565,0
17241534,0
90610152,1
25114146,0
6419331,1
62688371,0
8623898,0
25588143,1
26365531,1
8269375,1
35994248,0
66985706,1
24686076,0
15847268,0
18104975,1
35858905,0
96650105,0
58287137,0
38436784,1
14474509,1
36441585,1
26605300,0
50628612,0
96554723,1
49095286,1
43372185,0
30428096,0
40824471,1
45690215,0
99041905,0
27656366,0
6802435,0
56019765,1
98882512,0
25457344,1
27583567,1
52659936,1
60248313,0
58169630,0
11356888,1
91410708,0
69924028,0
26232239,0
71906343,1
11294007,0
39513209,1
86924089,1
17216285,0
10269885,0
16351435,0
63862815,0
45438179,0
15166647,0
61931318,1
35191315,1
59349430,0
28051379,1
82454158,1
64981425,1
31394137,0
88713763,0
38189786,0
4894221,0
92403086,0
76125828,1
87913983,0
72802446,0
88845524,0
87111044,0
21179768,1
78215370,0
73632143,0
44338675,0
3568140,1
12678722,0
51553625,0
20711131,0
45995180,0
20244690,0
59311178,1
3707094,0
58380578,1
55756474,1
9178598,1
57995454,0
48463492,0
86158591,0
40810270,0
79274575,1
66894927,1
19546585,0
68222821,0
87761130,1
84561375,0
33363936,0
4385561,1
531522,0
15088828,0
49697655,0
68183337,1
32161745,1
96661157,0
76340243,0
77106402,0
22669958,1
74041795,0
91212486,0
6609708,0
79434229,0
4416498,0
47589106,1
63734056,1
34267314,0
99490958,0
70473209,1
68961647,1
45352924,0
60679412,1
93964544,1
77277302,1
7153661,0
95721840,0
63100096,0
18609856,0
55342159,0
32588771,0
55392310,0
97821577,0
77916307,1
99383287,0
31401853,1
16395910,0
962405,0
99501605,0
70705317,0
72699441,1
60533423,1
49239668,1
34114030,0
65473458,0
63852015,0
16419087,0
34817051,0
82384335,1
77148640,1
12824902,0
35909313,0
35138403,1
68179791,0
62967295,1
15142137,0
16359236,1
85015901,0
80529711,0
8224467,1
54029679,1
78490146,0
7529955,1
76922612,0
55691138,0
29001858,0
82070267,0
3484746,0
88698231,0
21632339,0
60487311,0
84868136,1
32616105,1
60042933,0
79518624,1
21882934,1
43556246,1
81780909,0
8576527,1
90759096,0
27591938,0
23654718,0
5030826,1
28821289,1
86206724,0
51153716,1
16622470,1
421322,0
58289745,1
29914763,0
22544752,0
18812819,0
74259432,0
69279297,0
27428580,1
61225043,1
65603140,1
7825000,1
16481372,0
94047137,0
49637214,0
63024289,1
63481603,0
54740363,0
40495786,1
54993223,0
70892549,0
21705818,0
25636639,0
72176587,0
82729307,1
92545103,0
15856748,1
58725654,1
46437397,0
41829163,1
49111108,0
8117702,0
27911465,1
72547488,0
42348677,1
20254708,0
97619321,0
50399956,0
63660394,0
44632666,0
28868771,1
90628704,0
47746315,1
15510666,1
1946162,0
99220694,1
56422922,1
6779155,0
94553454,1
38928200,0
54326193,0
73221113,0
64684055,1
55499341,0
63173644,0
36207264,1
19702350,0
83261662,1
26314167,0
199565,0
81429049,0
54522584,0
68566919,0
90949661,1
10646582,1
63294650,1
86731830,0
38738876,0
44676756,0
13318961,0
32629580,0
8359045,0
80524003,1
21988907,1
3363940,0
29435365,1
42016444,1
33014890,1
86305054,1
81170477,1
49815462,0
42640091,1
65158867,0
90370030,1
57784143,0
43174611,0
66761122,1
44130839,0
71730765,0
79180109,1
82906365,0
84380814,0
4024330,0
3260907,0
74129296,1
73148685,1
72569152,1
14496242,1
18000572,0
51519325,0
91223020,1
70350764,0
88319131,1
96621653,0
92322336,1
66358761,0
59235280,0
70404261,1
91374393,1
23701543,0
44867984,0
44210124,1
81095386,0
37671369,0
59946820,1
15444986,1
92873935,0
74760028,0
7036054,1
80776562,1
45171289,1
52129448,0
88727545,0
59120963,0
53938226,0
39830996,1
75405930,0
37141133,0
2889863,0
58963441,0
79078066,1
3618976,0
19380379,0
56017905,1
19030022,1
44339982,1
46685497,0
87850297,1
5038906,0
47655286,0
48079409,0
50667664,1
24935096,0
18649620,0
14630687,0
53900195,1
32087727,0
37035466,0
33799672,0
84340954,0
61463328,0
90934286,0
95852599,0
60953316,0
53371667,0
81428597,0
70680,0
82763573,0
17887190,0
93626858,0
19654396,0
22042348,1
12022974,0
20729045,1
21349519,0
45099272,0
55988942,1
42316195,0
38319444,1
26215041,1
98800312,1
50957338,0
50682717,1
49631342,0
61339818,0
41931341,0
81626,0
59894674,1
7443671,0
17403698,0
11449765,1
25022645,0
76844676,0
40133271,0
88789166,1
67164724,0
61590766,1
43965739,0
16387172,0
12044720,1
70029605,0
65686227,0
70174467,1
8681587,1
91647754,0
40508730,0
9982735,1
27636980,0
23152188,0
34026271,0
92485998,0
24612751,0
47165855,1
82057938,0
63862735,0
39942139,1
63169283,1
26746693,0
20124569,1
16588270,0
80583738,1
63965959,1
39941957,0
45437793,0
5466673,1
67365860,0
81727350,0
4530354,1
30848325,0
53290104,1
86997978,1
93183173,0
1976337,1
75225096,0
63304022,0
93831724,0
15592985,0
93844352,1
61978280,1
7351769,0
22931716,1
27475547,0
12908885,1
48553900,0
6842158,1
83427342,1
90641486,1
50194173,0
77255210,1
99999680,1
55173912,0
30843349,0
56146979,1
40224781,0
24227698,1
75521890,1
62292113,0
55974429,0
72818498,0
35359347,0
72805553,0
49749306,1
77825659,0
54460104,1
27501511,1
72097563,0
86961621,0
37714083,1
52787907,0
26159801,0
94754447,1
24886460,0
74877015,1
84580352,1
16224951,0
39651887,1
40018375,1
59500559,0
22358256,1
41958575,0
18642891,0
72568668,1
6231503,0
54433534,1
8057640,1
92137488,1
89046659,1
36302293,0
50175595,1
52665452,0
65431683,0
61971706,0
85635,1
83629946,0
49618966,1
29843082,1
69396837,1
98404097,1
24456696,0
72301958,1
22474552,1
62633923,1
85678569,0
28982398,0
55803006,1
23524823,0
61078488,0
60413996,1
15325309,1
37633014,1
55271010,1
91351085,0
63206393,1
58638926,1
89148908,0
3404369,0
36526823,1
38916664,1
30120877,0
38977682,1
33000362,0
91906022,0
78223460,0
74901600,0
57373605,0
44160317,1
5524414,0
2420841,1
59461135,0
66119425,0
59964562,1
6512034,0
14196903,0
17674010,0
83571433,0
22162475,0
1936060,0
40017672,1
71225839,1
73635483,1
38490599,1
42246782,1
48603296,0
74503949,1
99770379,0
76012945,0
71549503,1
7927648,1
54373394,0
70360096,1
84007462,0
7817146,0
32594337,0
97742695,1
91473053,0
62500435,1
69487700,0
28753,0
27388228,0
56982439,1
37586404,0
24102800,0
71644043,1
86360614,0
2354882,1
16198741,1
25130933,1
67890598,1
64598146,0
65981094,1
30334335,1
58245178,0
47481515,1
91330600,1
98963859,0
353313,0
37676504,1
25445257,1
7346340,0
50246144,1
80952413,0
51301561,0
24811752,0
9659888,1
95890287,0
32581473,1
43506939,1
81176688,0
10758984,1
33743239,1
32420629,1
44835468,1
96470094,1
29473888,0
64202031,1
71719624,0
80064014,0
8739208,0
76440998,0
47937805,0
52091338,0
9700419,0
91809786,0
19751035,0
72311347,0
46037128,0
40383983,1
21871084,1
4976466,1
88229777,0
23316462,0
61764389,1
9256099,0
89450517,1
30921430,0
3545192,0
61477227,0
73173719,0
62758750,0
20590772,0
16843415,0
83729700,0
29095564,1
67193294,0
14930512,1
85212498,0
50825253,0
35759636,1
1970657,1
61466009,1
68356021,0
66206996,0
44379362,1
36734580,1
96477182,0
7588127,1
55922972,0
20984307,0
17217421,1
77800578,0
80487395,0
83715039,0
24711698,0
4022959,1
92056129,1
61774332,0
6094078,0
76788213,1
69705338,1
41856666,0
68091371,0
69366778,1
27990736,0
44908094,0
71628575,0
87857162,0
10377190,1
5721604,0
16634239,1
47840826,0
61561173,0
99652208,0
4342236,0
82244228,1
32321307,1
8424966,1
71418107,0
11460051,0
54964210,0
37623604,1
61335203,0
41200666,0
50734471,1
48802270,0
63753335,0
63577902,0
52114084,1
98960635,1
2467346,0
76043922,0
78085289,1
86936217,1
19624198,1
83203206,0
89206126,1
34852168,1
99063716,0
45649988,0
53120025,1
19513764,0
42093341,1
83706252,1
81249417,1
70939665,0
48846477,1
60893507,1
15926722,1
93059008,0
36191280,1
90935269,0
24338730,0
22068186,1
99483281,1
24455454,1
86287779,1
27149366,0
65945953,1
17171316,0
98585990,0
46740820,0
59986494,1
99590294,1
61539071,0
44982602,0
43819034,0
20460239,0
79161779,1
6715387,1
68536701,0
38598826,0
6216558,0
73495038,0
91101945,0
52976855,0
85304095,0
57083713,1
86805818,1
89808284,1
34927541,0
93741697,0
34614838,0
18470346,1
6793144,1
54418606,1
39629543,1
43795979,1
90276425,0
76362870,0
36881891,1
85372378,1
59660392,0
15836839,1
55083943,1
90350810,1
66875893,1
67157579,1
84860898,0
7841704,0
82744791,0
91403118,0
4636258,1
68018851,0
95110266,0
77237200,0
21264160,1
27222211,1
42175599,0
61208146,0
66887777,0
67146223,1
59211382,1
81898530,0
43875957,0
32645788,0
75841500,1
14976384,0
21527087,0
51954843,0
24039351,1
56282562,0
96328771,1
47923929,0
6318474,0
97204638,0
96638154,0
60046225,0
76194528,0
50389406,1
49289494,0
79434044,1
47757166,1
83072268,0
78715837,1
75852835,0
73679203,1
62471330,0
60344266,0
34188805,1
3332843,0
75846272,0
21711616,0
14990644,0
35970002,0
28069036,1
65393640,1
96280753,0
76592072,0
9373238,0
46385782,1
50081041,1
28006767,0
84266858,0
59508159,1
46272734,0
33529423,1
9305117,0
37274803,0
62408292,1
31319332,1
21520140,1
45887693,0
40551322,1
50337369,0
23405588,1
3484785,0
26448357,0
83058739,1
57665351,0
47883013,1
23349119,0
30237195,0
66078283,0
66349382,0
21883222,0
68850779,0
95150782,1
59507821,1
76149190,1
38949486,1
15600058,0
65721806,0
90885347,1
30120513,0
84132078,0
65220466,0
33085214,1
60412759,1
96947994,0
54129921,0
1699717,0
15223932,0
6622273,1
69693001,1
72576299,0
28565033,1
42081665,0
76606343,0
43930859,0
99991245,1
57716662,0
14123285,0
42839220,0
35274437,0
44812638,0
58777592,0
97409356,1
53418806,0
71464131,1
83605292,0
24407970,0
44345086,0
20271030,1
44319799,0
94509476,0
9045235,0
34529715,0
76921879,0
52636150,1
46416045,0
55833430,0
65026370,0
24521666,1
84194040,1
42362670,0
78446910,0
86957027,0
91710155,1
36347318,0
23969519,1
64816448,1
68234295,1
59243316,1
45691735,0
9139247,1
89157170,0
64499477,0
34398747,1
25174482,0
95999722,1
76951783,0
50829081,1
31500378,0
27678812,1
94748565,0
67162163,1
26175533,0
97195495,0
13054202,0
73122071,0
4895767,0
32245044,1
1804650,0
36218838,0
23566557,1
74630945,0
78358949,0
64250664,1
19903269,0
70892783,0
98373084,1
23859872,0
10246339,1
52043244,1
58656137,1
17281851,1
86009970,1
54723442,0
36981135,1
31780482,0
33648292,0
39009829,1
22450434,1
37104923,1
53094781,1
46850338,0
29099060,0
52012871,0
52712832,0
28170344,1
52515447,0
96699770,0
15836028,1
87976786,0
88442358,1
97785840,1
10832516,0
63711780,0
87317286,0
48270893,0
42568320,0
61842865,0
815836,1
15515571,0
90358536,0
78935938,1
20091859,0
73426176,0
9854677,1
34365661,0
99613276,0
21668475,0
85029718,1
3664058,0
78695523,0
53923485,0
94618839,0
63408177,1
45149703,0
79673986,0
21590602,1
53907029,0
25676816,0
65956325,0
51528903,0
40993149,1
42845330,1
58686638,0
72617996,0
63850645,0
58123469,0
98687107,0
36834549,0
35492706,0
65205704,0
16367483,0
14396005,1
47620156,1
96383408,1
77552433,1
87209446,1
69202436,0
42187420,1
32713709,0
25941092,1
68904789,0
31613114,1
48180760,1
50350048,0
98507645,0
34787585,0
46792402,0
6905027,0
56215561,1
9184053,1
78940625,0
49903756,0
70519205,0
97514276,0
97567417,0
58760290,1
33666459,0
85356295,1
51648628,0
7738080,0
13419115,0
87299704,0
41666340,1
72851893,0
24163664,1
2865095,1
6959386,1
50351422,1
6229170,1
7507788,0
26679860,1
13067380,1
98081021,0
17610658,1
61014136,0
47268746,0
25734080,0
75717360,0
98276580,0
87756517,0
51303175,1
88139187,1
50308775,0
51059596,0
28205335,0
57891135,1
75888217,0
17306217,0
72646455,0
76563396,0
32555286,0
74082471,1
7176153,0
21357866,1
36008593,0
17661325,0
65283526,1
11677380,0
40980777,0
10759723,1
18399534,0
35680778,1
99141554,1
74693419,1
82180153,0
41732684,1
46084699,0
77726496,1
77992281,0
89674632,1
98326437,1
92702941,1
78045598,0
55076114,0
64615129,0
26485301,0
81671241,1
92507159,1
62586401,1
43869219,0
13195994,0
63974778,0
513162,0
571978,1
67228612,1
96089073,0
2158881,1
47116529,0
9416140,1
60576214,0
37259044,0
42469382,0
55358788,0
9745595,0
35494033,0
38709240,0
11365859,0
96915451,1
86682224,0
97359689,1
18123320,0
14238559,0
66495185,0
10056437,1
44933295,0
34987850,0
62106307,1
26530363,0
11967399,0
5198666,0
91470172,0
88588034,0
85745529,1
46579237,1
11186103,0
40289546,1
37454994,0
70837587,1
94449657,0
76477099,0
19937446,1
54115697,1
20209104,1
94848009,0
559917,1
36694774,1
72765143,1
64359200,0
26180886,0
22199923,1
56818375,0
25867134,1
83378138,0
19087930,1
32488063,0
34138544,1
23329654,0
75392408,0
66274097,0
24506144,0
99770777,1
9870684,0
45646491,0
39302487,1
53840744,0
15762885,1
11542491,0
10257726,1
90417572,0
71840653,0
36489134,0
51425306,1
16538259,0
98469940,1
10499284,0
60939191,1
46923945,0
73402777,0
64368728,1
47734912,0
60356424,1
21816186,0
77094156,0
39191321,1
74101940,1
32968215,0
25967949,1
52337939,1
27587727,1
49334729,1
43506154,0
7174462,1
47748238,0
35923987,0
35082187,1
26388579,0
5593463,1
91101111,0
84162328,1
56198812,0
7615738,0
49235515,1
86117626,1
19462028,0
24022030,0
26527914,1
60034294,0
60348703,0
60084182,0
10574425,0
36036773,1
85952372,0
54491451,0
85086733,0
67965650,1
67948907,0
93882392,0
40823032,0
82840746,1
44706920,0
31876837,0
45525762,0
71870167,0
58025001,1
28893182,0
26037329,0
20845773,1
11288915,1
58046523,0
93805180,0
31504602,0
98438095,1
70486266,1
69368089,1
73688170,0
35663901,0
89647691,0
90715593,1
79620564,0
10384721,1
8260849,0
93686698,0
32349097,1
79803584,1
772334,0
58673538,0
25017022,0
44869748,0
78951974,1
65463633,1
46709084,0
15767586,1
8409250,0
50082887,1
37211113,0
60029265,1
59149631,1
63839241,1
61990656,0
35757799,0
84130274,0
80269026,1
65223281,1
11724036,0
23043170,0
64410602,0
34706470,0
99266697,1
39270809,1
87937371,1
87226453,1
22862903,0
73024764,0
54783576,0
32805864,1
96274348,1
96669381,0
493506,1
79038293,1
98434538,0
56937730,0
80521010,0
97376938,1
93636779,0
43999420,0
95954140,0
43597122,0
24006859,0
27305636,0
516081,0
86200878,1
54445476,0
11381668,1
41115094,0
890531,0
17389182,1
16213543,1
76181618,1
68766575,0
50797491,0
92487531,0
32351128,1
37863592,0
49836853,0
25655152,0
19787819,1
15809747,0
40295622,0
8413983,0
73025235,0
33152392,1
43132001,0
7738852,0
69173215,0
44107368,0
94328553,1
8144041,1
26358410,1
54394198,0
30341243,0
24805329,1
83231379,1
36194681,0
77320734,0
30736211,1
61102970,0
38714155,1
48111232,1
13324952,0
4857390,0
88238142,1
19809073,0
66452942,1
84155622,1
38691781,0
54022699,0
77761666,1
4135970,1
59587766,1
2680117,1
45229256,0
4154393,1
36290460,0
85821996,0
49477207,0
16381650,0
14180180,0
4078534,1
8958297,0
69448329,0
52871849,0
90848766,0
89547703,1
21217132,1
61599694,1
4870694,0
20306146,0
61598535,0
52912415,0
69323066,0
14937933,0
6335360,0
581281,1
51488456,1
39510825,0
38950034,0
54365767,1
42380127,0
24553371,0
63898901,0
87550753,1
31311421,0
80235715,0
29791372,0
45885513,0
47495766,0
59561460,0
87502946,1
1291480,1
60708146,0
8785015,0
57984645,1
78911563,0
50167807,1
10229977,0
293048,0
13893103,1
94374717,1
82386026,0
13935326,0
67087806,0
9085668,0
62142740,0
3323243,1
18450058,1
84801428,0
46448575,0
43935211,1
8403849,1
62477395,1
36345199,0
91848348,0
52676003,0
6933973,0
62479510,0
30699304,1
7923600,1
95205845,1
93267321,0
13604102,0
41016531,0
78665301,1
5160597,1
39122979,0
97187801,0
75687592,0
69829611,1
55048771,1
23188394,1
96956522,0
94845190,0
79575302,0
56406465,0
75671273,1
44445893,0
97963238,1
50449089,0
44744771,1
92197764,1
65826992,0
56879277,0
89182329,1
46837651,1
15197816,1
98614981,1
12139199,0
9541655,0
73031784,1
20161090,0
5935382,1
21493304,0
45951692,0
35115054,0
62735599,1
99267661,1
31453935,0
34721436,0
11032699,1
71211832,1
37872259,1
31321804,1
62818334,0
17995188,1
64198553,1
69993837,1
46967136,1
69142971,1
29983674,1
57585028,0
5444680,0
21865651,1
32718661,0
78076605,1
41801454,1
2673490,1
24657317,0
82778889,1
1469034,0
3093845,1
3622602,0
46977616,0
7168161,0
86688057,1
52926,1
39066230,1
11573006,1
37140818,0
93106302,1
7516658,0
31752875,0
61247290,1
75764715,0
58878219,0
94181516,1
19736513,1
72596532,1
75141992,0
36719500,1
66380446,0
66731320,1
6193106,1
17060000,0
8495915,1
85939459,0
66644039,0
56389592,1
9906759,0
79234235,1
3015012,1
15436657,1
65384696,1
37398620,0
80981100,1
69494630,0
2664251,1
29398575,0
83566651,0
78089834,1
33167382,1
29339434,1
84117437,0
66288933,0
36964057,1
79911454,1
65218458,0
27773183,0
42574062,0
93278289,1
14551898,0
20133260,0
19018635,1
63022546,0
82683388,1
83685209,1
84522298,0
58440474,0
88957769,1
39920201,1
4058604,1
50974750,0
99199448,1
96050224,1
96099177,1
46147743,1
96975786,1
29686952,1
6180127,0
15218842,0
87269377,0
28074722,1
58903102,0
24943791,0
38120939,1
29453966,1
25256271,0
50244445,0
13963532,0
92745074,0
6309281,0
37964005,0
88260849,0
55713164,0
49083661,0
42191549,1
30754324,1
11476779,1
38349962,0
97921609,0
38755942,0
86098000,0
10206133,0
99387107,0
46549491,0
57220983,0
80474021,0
66954517,1
35920027,0
91200815,0
47662108,1
79873414,0
51718131,1
26392084,0
25365246,0
10835381,1
35303027,0
27592910,0
25460787,0
20084189,1
4803344,0
87381748,0
49838867,1
56957993,1
68679782,0
47668940,0
99305752,1
82777964,1
48159253,1
13766028,0
984867,0
61314860,0
62756712,0
19960805,1
33953527,0
76419677,1
38880162,0
29674480,1
58825283,1
43192812,1
29129514,1
96064320,0
69587520,0
58669583,0
52575122,0
48485269,0
29894123,0
87410536,0
77928940,1
6451329,1
85695839,0
97803699,0
24316154,0
77755850,0
24119285,0
75908759,0
87222013,1
20352442,0
98465384,0
74053223,0
55708924,1
31916733,1
70857044,1
29326500,1
56179132,1
56313233,0
94873813,0
42145298,1
86722270,0
74331777,1
74084028,1
27648833,0
42974849,0
5812748,0
19635150,1
39222949,1
86740634,0
60595260,1
31506833,1
89637426,1
93911343,0
9119707,0
40470980,0
32112130,0
99431667,0
13720727,1
70537342,1
29712583,1
88709355,0
44308350,0
78738215,1
43261387,1
82547399,0
33226593,0
84435817,0
66962059,1
81685314,0
42018297,1
32117514,1
14887515,0
18935779,1
40240853,0
66753025,1
17095064,1
99876778,0
33306832,0
12914769,0
92820759,0
11479064,0
35321395,0
18571719,0
43633440,1
69868888,0
91097632,1
28564573,1
17888939,1
63497618,1
68182157,0
29298771,0
59948285,1
57746497,1
54047312,1
28463720,1
55035599,0
85614078,0
3690050,0
94005442,0
29666324,0
7172931,0
88131351,1
82997781,1
78781337,1
56404702,1
91188012,0
34997570,0
21982855,0
26803238,1
82133712,1
53307951,0
50647057,0
24879096,1
4631488,1
69324145,1
49971119,0
39171733,1
83391046,0
31330652,0
35116878,1
66653810,0
19805868,1
88862322,0
64510946,0
29793264,1
96848105,0
73033241,0
72078831,0
22566303,0
44764576,1
14593180,0
68668328,0
87645685,0
91541254,1
9736073,1
97599541,0
99331995,0
11840983,0
47263147,0
7736277,1
18213223,0
67327004,1
3493020,0
340557,1
27322560,0
73020625,0
60301744,0
51333196,0
88679468,1
26206148,1
48153184,1
83793452,0
98795310,1
46591098,0
29481052,1
34636977,1
7098418,1
65234865,1
68146409,0
95428946,1
41206871,1
41452342,1
58680758,1
33031859,1
81181832,1
17096335,1
71673925,0
49587865,0
9300822,1
86550087,1
11882317,0
11931236,0
23373318,1
60340891,1
20993674,0
31904123,0
85761358,0
76293656,0
92316134,0
43022550,0
20336527,1
78729471,0
89619970,1
18670012,0
79903635,0
86806590,1
43551825,0
52436023,1
90499028,0
54172427,0
19239257,0
94183560,0
41755196,0
80339866,1
59656984,0
40722638,0
86334201,0
66517978,1
32497751,1
62527163,0
2705672,0
37371201,0
71977032,1
64398310,0
64671404,1
48860137,0
9894840,0
48098545,0
91924772,1
4951447,1
94864243,0
8176780,0
15768193,1
35890375,0
615526,1
26419099,0
90145416,0
68838345,0
32750544,0
12547506,1
63688905,0
92541025,0
63418672,1
44204936,0
6051980,1
4401604,1
37837169,0
8180711,0
2444292,0
66628884,0
67874003,1
25966874,1
64950878,0
19425991,0
67267524,1
22895111,0
21865414,0
11447347,0
65870886,0
59871591,0
20018771,0
7942300,0
87071173,0
22646103,1
52701647,1
14466652,0
84564690,0
37211421,0
48743209,1
12095826,1
87003793,0
24105909,0
53640363,0
21205194,1
24436367,1
87729038,0
50940,0
71008417,0
49288762,0
26965510,0
16226085,1
24666275,0
32756512,0
84425967,1
3754181,0
44170453,1
25013975,1
39559389,0
71902723,0
17217359,0
15206594,0
9426491,0
40215179,0
85967320,0
95312022,1
70060751,0
11316922,0
84296161,0
4230897,0
36661620,1
26647236,1
68743861,0
46250913,0
29333322,0
81110905,0
86671427,1
19261311,1
90429560,0
23690961,0
66256416,0
63255282,1
17422997,1
71509838,0
15841147,0
85840059,0
36223985,0
11267999,0
32026301,1
36557220,0
81765820,1
67484084,0
6264405,1
72007493,0
79686538,1
374768,1
44284908,0
82173531,0
22181157,0
8356198,0
46354312,0
73103742,0
61463117,1
75211941,0
22313840,0
4610275,1
71866206,0
30518246,0
45006373,0
6139126,1
13003554,0
37356584,1
80551039,1
74085720,0
35565236,0
59789740,1
66990882,0
72943900,1
48555372,0
73182529,0
55370884,1
20172819,0
72148337,1
81807105,0
9149677,0
94926357,1
51786271,0
49061170,0
5413522,0
96066506,0
72189750,0
28651612,0
81583222,0
40515468,1
31625291,1
17634947,0
9109443,0
87979996,0
64532057,0
12096448,0
26692453,0
30666489,0
79717877,0
51111196,1
41393715,0
47637073,1
20731831,1
66245004,1
71557713,0
22626948,0
1157982,0
58423516,1
40833841,1
90600873,0
11596802,0
75278479,0
75616801,0
75330352,1
17891979,1
68393860,0
52433000,0
9353024,1
77072333,1
3090511,1
29032857,0
11639778,0
94098171,0
23878723,1
23136235,1
69512175,0
39977171,0
92940149,0
46573779,0
76097971,1
84203354,1
35905456,0
84876373,1
88936620,0
86650997,0
83073247,1
15121468,0
13431113,0
63610244,0
85148152,1
98382788,1
54340304,1
50371871,1
3597913,1
75940748,0
11007795,0
11627763,0
78235796,0
57295414,1
57293688,0
89069735,1
66311481,0
85664430,1
64568634,1
86034869,0
3951882,0
41439986,0
51845087,0
28843862,0
53937108,0
9819899,1
66662997,0
2712467,1
91248192,1
48327988,0
6429626,0
90605584,1
94983152,1
48005065,0
29840382,1
20645905,1
73685445,1
38251376,0
16240272,1
47314303,0
27312913,0
59961850,0
79875919,0
91417170,0
56158977,1
56600804,0
84710659,1
81483040,0
33253357,0
71017308,1
21835349,1
23015407,0
34694987,0
14984900,1
96303321,0
28889897,1
62607193,0
43821379,1
68416873,1
5436414,0
66532772,1
53882112,1
13857434,1
89425841,1
46882226,0
83274022,0
67106063,0
54518053,1
24560423,1
16080835,0
69788889,1
15441779,1
41839943,0
22013956,0
84744766,0
5443235,1
89945711,0
6222309,0
69414449,0
24753950,0
85068765,0
34954694,0
20371922,0
74134155,0
41945496,0
81254872,0
66837341,0
63572702,0
10521111,0
64342204,1
99094186,0
57469500,0
86504832,1
75169373,1
37309301,1
88154104,0
368517,0
66463862,0
32454609,1
39385780,1
8247744,0
61472440,1
98901610,1
14454081,0
98860154,1
52444861,1
67071515,1
36517351,0
74445325,0
28205332,1
27503129,0
69570928,1
73700735,0
87860557,1
1230741,1
83720437,0
99673663,0
57934561,0
63151507,1
20754997,1
94529296,1
42394871,0
42096,0
79527571,1
16144253,0
19309943,0
70490446,0
8318445,1
11851829,0
68955791,1
41867930,0
81456554,1
46982480,0
65356478,0
49639155,1
53099781,1
58958646,0
39548937,0
49667378,1
26624856,1
95801693,0
89497781,1
65965836,0
92418320,1
33468665,0
38951858,0
68845980,0
66146116,0
56129260,1
43383714,0
72416522,0
78890894,0
29309139,0
34022336,1
15400383,0
53410208,0
77217130,1
34051333,1
56783691,1
35459529,0
70500222,0
10645422,0
13520040,0
23999534,0
93659963,0
60183563,0
26409535,0
38761946,0
96259175,0
18523734,0
97818506,0
37431906,1
90804662,0
11291751,0
53768625,0
7190640,0
30099451,1
68600759,1
69546316,0
26937271,1
9156029,1
95871708,0
5308727,1
93428215,0
38384643,0
40989881,0
24951191,1
72921986,1
96237837,0
581481,1
83831763,0
10252148,1
89235739,1
20861887,1
88606839,0
35058414,0
20308579,1
26909439,1
2741822,1
36713930,1
10839610,0
19922031,0
59003658,1
91404684,1
67917142,1
88478780,1
51299910,0
33419986,1
87193386,0
47917274,1
15407862,0
19350485,1
18022583,0
26140894,0
18753299,1
27295018,0
2501058,0
22410683,1
65311903,0
14178332,1
10344936,1
70750678,0
69859713,0
50781023,0
45627866,0
15031489,1
25604069,1
31886314,0
47413283,1
82876786,0
88062408,0
87187640,0
45173444,0
10467007,0
89176508,0
938354,1
64306331,1
96889493,0
16480850,0
18360110,1
24946026,1
31267301,0
70930381,0
28244152,1
65820723,0
72566501,0
51204755,0
77435966,1
35825600,1
13179575,0
26379578,0
99967537,1
17360599,0
51232716,0
82064262,0
53883700,0
40003904,0
22570682,1
8976003,1
81286022,0
53649415,0
67976637,1
27066085,0
71663162,0
89580047,0
20160829,0
37011448,0
51028881,1
29735778,1
66565999,1
60588851,1
95016087,0
45454679,0
14505893,0
47736518,0
79843482,1
75733224,0
76733132,0
28954627,1
15982939,1
72087231,1
58167338,1
89757351,1
23607341,1
98015096,0
79100940,0
21417943,0
48819028,0
66190992,0
95362950,0
44859190,1
84422977,1
22198975,1
6987375,1
49639290,0
89506286,0
85591112,0
51799569,1
25537795,1
60317359,0
46939260,1
32312405,0
3082002,0
77253263,0
1389092,0
79571948,0
42468580,0
53430793,0
74812250,1
9459005,0
78612665,0
33576170,1
15033734,1
30078206,0
99048480,1
37542561,1
30800315,1
69101708,1
80931561,1
55732914,0
91845211,1
17793655,0
84639734,1
83839911,0
76912391,0
26344467,1
32550221,0
49770263,0
18911055,0
46698940,1
91512720,1
9406402,1
47746953,1
73496527,0
61689742,0
15881446,0
4267627,0
79482155,0
29482649,0
19061005,1
7675526,0
12981808,1
61494555,0
30283845,0
12042186,1
45338523,0
30042746,0
67766235,1
17797588,0
40864017,1
61495918,0
49793,1
17033704,0
81179196,0
99713467,0
94046100,0
64952541,0
83688369,1
27573266,1
10353051,1
88053734,0
89829743,1
74230661,1
26365005,0
44124299,1
4529686,1
26535260,1
56920877,1
86551409,0
70168817,1
89262911,1
41391145,1
76313641,1
72375056,0
3045827,0
86819230,0
58017201,1
6777272,1
27048150,0
76010375,1
59018861,0
6764684,0
91116884,0
20433495,0
71614062,0
32704323,1
70525253,0
3938989,0
15747982,1
95055476,1
61385934,0
51365148,0
61990441,1
91761612,0
95791843,1
59295357,1
68979981,0
74227535,1
9093576,0
11925955,0
21305838,0
61295884,1
75282650,0
61483401,0
52999771,0
22370499,1
86896046,1
35568840,0
89721350,0
34629057,0
80603751,1
56621899,1
88860811,1
39618707,0
2270070,0
1914718,1
74992804,0
12701940,0
50664842,1
68051153,0
45901668,1
81092932,1
80567667,0
63581453,0
34973727,0
72644330,1
13032345,0
94476461,1
12711646,0
60545607,0
20387931,1
94574329,0
8619476,0
26979327,0
24112213,0
69481975,0
78336819,0
37272191,1
70255884,1
89210806,1
17440302,1
43045074,0
13126579,0
3605631,1
48078250,1
90408943,1
94397499,0
9435622,1
16442855,1
8062673,1
32439129,1
46869540,1
88536358,1
44582602,0
56353574,1
85577609,0
22882838,1
39120112,1
19404141,0
30515388,1
42399340,1
49789613,1
42059673,0
43954966,1
94461607,1
56887029,0
33050170,0
20614300,1
54268135,1
8232432,0
51827388,1
72735622,0
84940280,1
12987697,0
3440764,0
5009599,0
66434526,1
38332437,0
59001640,0
91580852,1
54083072,0
74289663,1
86695282,1
90002893,1
24879326,0
76804274,0
79321784,0
21376002,0
66158300,1
44466557,1
23462825,1
84734887,1
88200120,0
10364899,1
49285735,1
45911713,0
90456190,1
56356110,0
13885997,1
46413661,1
42472185,1
77597780,0
76957101,1
5115320,1
45203352,1
28285774,0
10403039,0
46966804,1
74218826,1
39893238,1
14444565,0
59566967,0
42964024,0
9841413,1
22771802,1
91386761,0
2162737,1
64043233,1
2530030,0
75562483,0
14894393,0
97077599,0
9144745,1
96330456,1
44325600,1
40508757,0
94432656,1
98704281,0
82367351,1
11449729,0
71900602,1
59728965,1
17502871,0
76716437,0
59362844,1
23031582,0
13584223,0
34860405,0
74063285,0
2777285,0
32970687,0
27930607,1
77502597,1
11935430,0
83207218,1
97348711,0
55003434,0
20357100,0
15044221,0
39156769,1
91712452,0
15621022,1
51907756,0
91712486,1
16393345,1
21717441,0
36277671,0
37487258,1
39182077,1
22673314,1
45477365,1
99172426,0
10720023,1
22613150,0
27811928,1
85310807,1
54741237,1
13990747,0
98727590,0
90458610,0
75668143,0
37604175,0
5367780,0
51257018,0
36325942,0
76475250,1
86985779,0
33195838,0
35314223,0
39813480,0
67628722,1
61969731,0
76084504,1
15626531,0
36425390,1
61451968,1
29127439,0
81442390,0
66751696,1
80112843,0
76691078,1
65860007,0
26847016,1
10818467,1
70749151,1
74533847,0
23920319,0
23940292,1
87629740,1
94292971,1
73280982,1
66368459,1
32051700,1
92052392,1
39080514,0
70283901,1
68145896,0
80958348,0
5917486,1
84023495,0
56338669,1
78774857,0
8734937,0
91035980,1
43453996,0
62584963,0
65876954,0
69191136,0
71573572,0
2734888,1
72920418,1
64727059,0
36409056,1
82540894,1
25992960,0
98301999,1
19621396,1
70909336,1
39567641,1
64863044,0
93533984,1
36951274,0
38084,0
99080708,1
5005306,0
23170258,1
54439127,0
97917024,1
31015690,0
99177185,1
17914429,0
6291054,0
84304115,1
16143064,0
89016400,0
47336085,0
5904549,1
54510549,1
15283573,0
71743833,1
21968868,0
96581439,0
23378995,0
31682096,1
2635248,0
92731609,0
73410167,1
70756441,0
94284222,1
1044883,0
32092292,1
5000075,1
77329472,0
30421634,0
6411933,0
5689927,0
65624593,0
24622548,0
37954658,1
45987069,0
10110730,0
40746179,0
2925124,1
74173548,1
87503598,0
48057553,0
95872489,0
82978948,0
6085926,1
77249213,0
58400259,1
9598077,0
66531409,0
19084264,1
53979285,1
36583343,1
6506523,0
89989620,0
54250959,0
61710092,0
81887146,0
83542242,0
86004635,1
2152989,1
97513532,0
57374176,0
79080894,0
45709137,0
63300474,1
29498387,1
18139443,0
94140855,0
31129760,0
4015488,0
74334566,0
35237670,0
74593159,0
27290681,0
5442432,1
99568707,1
45114388,0
24796552,0
65589142,0
72760153,1
49857540,1
62086113,1
71408643,1
92584117,1
84947745,0
35593140,0
38397584,1
4068743,0
50952165,0
81522114,1
7478275,1
85459902,0
68334543,1
21901780,0
70780820,1
79091959,1
85285100,0
5591410,1
85194196,0
96557810,1
75974406,1
23846566,1
31522441,0
78130384,0
64312699,0
24497218,1
28654147,0
43380877,0
46134994,1
1380455,0
18562357,0
63394997,0
30506468,1
99214483,0
21638159,0
49148603,0
91712844,0
62434324,0
90330427,1
65885502,1
15042508,1
71829751,0
37037318,0
60637668,1
32820894,0
5908926,1
22235271,1
10681267,1
12468790,0
24654877,0
631701,1
63557480,0
65985063,1
86577350,1
74856664,0
19534721,0
92625133,0
82356324,0
78585529,0
73001101,0
92097660,1
65683576,0
16751713,0
35448726,1
27147002,0
7810466,1
9992069,1
99194934,0
44857168,1
70391198,1
75832578,1
68428908,1
53456653,1
73699334,0
37733305,1
46911385,1
15531589,0
93818432,1
41045682,0
43124703,1
89573230,1
23834826,1
63387944,0
52267133,1
6563583,0
14205771,1
64136501,0
60251270,0
53056498,0
67881606,0
14587386,1
74332639,0
5392349,0
81296606,0
12833442,0
15523078,1
48644905,0
46562431,0
18152172,1
82609845,0
94060979,1
55609842,1
32072106,0
44160245,1
53089550,1
784349,1
39202472,0
45201436,1
21842478,1
70163233,0
10304262,1
31667421,0
66977616,1
21077584,0
36953929,1
14366449,1
81186549,0
33893695,0
41965418,0
92177496,1
18177248,0
41289285,1
69683810,0
26863470,0
68159369,0
98676889,0
40149306,1
50865469,1
27979294,0
39461665,1
61116638,0
42738927,0
92919566,0
15569246,0
39860986,0
27360511,1
7468632,1
16004843,1
86638945,1
61713959,1
76644983,0
49867312,1
41227639,0
98379265,0
98362353,1
82797588,0
1826000,0
15975329,0
43018886,1
6839194,1
21153587,1
29380413,1
28313403,1
94599685,0
82839957,0
52282436,0
39879959,0
7050763,0
35953316,0
68999916,0
48481421,0
47994079,0
3137260,1
44350155,1
61628505,0
42672294,1
14361176,0
67650676,0
81677726,0
76770632,1
31401636,0
47240029,1
14128185,0
12965529,1
43073236,1
57638428,1
48026850,0
20646461,1
25646885,1
76828813,0
58163335,1
22255163,0
1701585,1
62408586,1
44595753,1
82370878,0
86416983,1
77031071,0
51415185,0
62606554,0
4681159,1
88221232,0
1177962,1
54889824,1
61339718,1
28628523,1
34005631,0
4626343,0
24467923,0
32541186,0
49707389,0
50155612,1
30783172,0
3357959,0
1943360,1
28290770,0
79057931,1
13888373,0
74231213,1
99771592,1
5319411,1
6402566,0
91582559,1
54645432,1
71942984,0
92636266,1
65638914,0
36169723,0
1745827,1
37729700,1
53335617,0
92843976,1
12511084,0
2452546,0
54920864,1
27868636,1
85952401,1
87450603,1
94401954,0
5462230,0
27024566,1
9897478,0
94808966,1
40676839,0
30019753,0
61225878,0
81807030,0
3091059,0
40322944,0
61123305,0
6913631,0
94388569,1
15150934,1
16191966,0
12564682,1
33378448,1
15250320,1
47075678,1
33394172,0
80437697,0
69909483,1
9211054,1
75328477,1
44719963,0
84954803,1
96967129,1
28558979,1
18293426,0
14548818,0
31371860,0
63881871,0
51052611,0
71985542,0
48907168,0
38912501,0
9814308,1
57591916,1
74415632,0
11702148,0
51643659,0
6596740,0
12450114,0
75991312,1
95460765,0
13590968,1
60287765,1
27086597,0
15956854,1
53683044,0
44110479,0
19645909,0
19382701,0
19011675,1
60944935,0
56763905,1
26447881,0
70426342,1
28403177,0
55474607,1
37657997,1
28921296,1
80954841,1
76026954,0
8114521,1
99678028,1
2476082,0
82730490,1
31930464,0
15254951,0
35651042,0
6250312,0
13186622,0
92152611,1
50340227,1
8150077,0
95723152,1
89574960,1
43021222,1
34077523,0
82928410,0
59483083,0
55357207,1
15683076,0
19630540,0
41042283,0
92058958,0
90994943,0
11434701,1
99625927,1
4415650,1
11681378,1
48172242,0
956512,0
79435898,1
46531075,0
85102588,0
48755198,0
37088614,1
67550128,1
4611165,1
87455713,0
59552097,1
47173984,0
43962104,0
97680269,0
34706066,0
69628963,0
47170303,1
40773698,0
54186907,1
32285354,0
6238596,1
17637572,0
58615216,1
35307259,0
45614970,1
85108219,0
67939153,1
97886931,1
93031933,0
92142815,1
55454267,1
10171705,1
72522161,0
81610811,0
29699632,0
98918648,1
73300172,0
39577592,0
60510203,0
31556072,0
38591936,1
62010406,1
87851013,1
69642352,1
21694821,1
66147149,1
48493498,0
98408171,0
73110554,1
57045393,1
72834202,1
31007942,1
16958651,0
49191324,0
80902013,1
74265888,0
40890358,0
72855316,0
28350897,0
35709310,0
16542862,0
73028403,0
44662423,0
77740256,1
7176009,1
5534381,0
50426364,1
62713360,1
45567492,0
7768600,1
75101515,0
35991697,1
95953841,0
74302527,1
98223005,0
64391067,1
12273634,0
31360931,0
10774706,1
7142686,0
26064554,1
79097237,0
34147053,1
32782822,0
26799830,0
16587646,1
92740981,1
14988970,1
55514131,1
84608194,1
56661668,1
27166161,0
60320033,0
50246189,1
84656973,0
90209156,1
12614648,0
20873710,1
90961024,0
43637901,1
31295824,1
45744186,1
79867228,0
11535483,1
20045161,0
72959227,0
26525546,1
8610584,1
73538858,0
65278915,0
6519857,1
573558,1
74144325,1
33734077,0
96907636,0
62820104,0
94999085,1
27446461,0
64085428,0
26055781,0
67849656,0
49637817,1
53832869,1
64243199,0
43820289,1
93176546,1
45912503,1
87108711,1
529117,0
11529524,0
73828713,0
5947256,1
65943371,1
30168354,0
72805662,0
16594215,1
94422888,0
67445225,1
52823541,0
96131268,1
73572131,1
71236168,0
10810592,0
38966443,0
15548583,1
68910084,0
62379003,0
79452683,1
27466074,1
73430259,1
51285559,0
22172026,1
70581780,1
32826090,0
40868214,0
30111028,1
36634640,1
87301914,1
1925153,1
43660285,0
27213328,1
53395,0
2615105,0
89268653,0
59723709,1
41440128,1
25167349,0
54180380,0
56309305,0
41564128,0
28745131,1
96345792,1
63144428,0
84588633,1
45999021,0
12053904,1
29102670,1
60309698,1
81205700,1
19006787,0
68885379,0
50853691,1
96223252,1
27237946,1
55923386,0
37350713,0
64810400,0
49914960,0
74003300,1
43381506,1
40133468,0
11259870,0
34529340,0
20545587,1
65120627,0
19954875,1
4033578,0
40369946,1
47450374,1
65765985,0
16745107,0
41627313,0
45448008,1
99623433,1
72221356,1
81359030,1
69705190,1
34924644,0
54152743,0
46314531,1
58355955,1
21287712,0
7544591,0
93097735,0
19695860,1
93980764,0
34580044,1
99544631,0
42722953,0
18488176,0
44681594,0
3401355,0
73778310,1
77259781,1
68799656,0
54892632,1
86227295,1
34376895,1
79161157,1
29385630,0
218079,0
1013842,1
56439236,0
70475688,0
91375312,1
77399643,1
47465679,0
26093478,1
94996148,0
91030492,0
48980306,1
47441784,0
29812081,0
78025742,0
73534440,0
53781809,1
92701198,1
24136554,1
38253999,0
40493306,0
53889704,1
95779125,0
62155762,0
66849308,0
2151916,0
8014460,0
77156888,0
94197582,0
50939708,0
38703880,1
7804718,0
49599491,1
43021002,0
13584143,1
61009235,1
85494965,1
88242125,0
4165598,0
40635820,1
98891307,1
26972587,0
1541259,1
23652302,0
12856049,0
50185359,1
16233088,0
2258783,0
5487033,0
68874729,1
86538345,0
59901772,0
62275096,0
28665838,1
49666606,1
39477875,0
17173846,0
51745515,0
53495460,1
6794075,0
86893722,0
45652279,1
7054459,1
11835383,0
95803225,1
7710959,0
56228080,0
71160914,0
31179867,0
67934707,1
63934272,1
93635530,0
56218066,1
73933347,0
67014164,1
99217405,1
54517796,1
92353645,0
8043822,0
37849382,1
12279093,1
95324294,0
74132202,0
40834612,0
61715380,0
30876640,0
51303724,1
12981242,0
99046294,1
90342947,1
62111449,0
75634261,1
62124669,0
10767925,0
5712129,0
27241373,0
70306921,1
92851143,0
32820811,1
49509133,0
3862472,0
36118747,0
44030076,1
86899061,0
24161695,0
57223330,1
76297011,0
37266132,1
4840730,0
74040897,1
47998342,1
82312406,0
52228846,0
41276924,0
46266430,0
24675050,0
87136979,0
69713869,0
53522229,0
52847004,0
5010022,1
4829848,0
61132751,1
40592211,1
85886762,0
5030933,1
71996109,1
5546147,0
65758751,1
35713305,1
81413578,0
16893207,0
96717383,0
29854751,0
29973417,1
7764729,0
11661664,0
78942947,1
12995896,1
46521865,0
3258145,0
30088909,1
1263601,1
96297127,1
19455514,1
38557984,0
46110124,0
70469083,1
59866223,1
89361850,0
75929349,0
47589997,1
38797521,0
33943155,0
28369355,0
90501931,0
70599086,1
23446972,1
33344906,0
45148559,0
83915896,0
40099421,1
15621179,1
55534785,1
50872782,0
52864373,0
74863124,0
39931409,1
97501965,0
75210690,1
69560142,1
36759361,1
13841185,1
38874433,0
31208282,1
86616986,1
69847265,1
33486286,0
34756635,0
22053688,1
75463975,0
65481729,0
91647598,0
67888328,1
97754568,0
91173477,1
65773526,0
48510964,1
94698767,0
11167057,1
22383843,0
8159766,0
32404466,0
42121332,0
32976089,0
51099815,0
36162951,1
28336912,1
71304842,0
46812240,0
37165208,1
17850899,1
86690867,1
21055771,1
10928546,1
29854323,0
28336212,0
92100655,0
72576023,0
18020299,1
30430588,1
39026145,1
56763587,0
77651794,1
93803703,1
62886702,0
54504035,0
87084168,1
64960269,0
80288115,0
77874706,1
27903607,1
9106768,1
49111754,0
60701974,0
23527097,0
72780460,1
40284997,1
30274942,0
36973559,0
17580250,1
94622028,0
94012245,0
56576080,1
76096102,1
44642438,1
3620801,0
26678456,0
79560229,0
25519406,0
20297899,1
40617555,0
58841091,1
35645527,0
61739552,1
54391761,0
96360944,1
63690311,0
4077097,0
20694145,0
20320139,1
40949707,1
90259565,0
11358754,0
18358597,1
58075552,1
51861640,1
60991319,0
506931,1
85938961,1
42872451,0
66520469,0
3202482,1
69107082,1
85284514,0
72125209,1
45808990,0
63614657,0
36490114,1
5285278,1
25270793,0
80292281,1
76888933,1
96014871,0
24603771,1
20266038,0
32731041,1
64029834,1
57112910,0
77044325,1
35255941,0
88649211,1
49151639,0
50068531,0
33393472,1
34604158,0
42700468,0
48906860,1
39262084,1
97297666,0
76222234,0
26939527,0
86749148,1
43575979,0
9822227,1
21653209,0
51820675,0
74526250,1
65298387,0
89357251,0
59626458,0
59284472,0
2992932,0
18948724,1
42929877,1
95281518,1
43907938,1
13025490,1
52382187,0
58584278,1
86755562,1
25382978,0
11356541,1
85493138,0
13128717,1
29895956,0
20946104,1
14476637,0
55707532,0
30060971,0
91681704,1
43262359,1
93265038,1
7260407,0
32358446,1
31789814,0
5119545,0
51641762,1
92414156,0
34607303,0
26952117,1
24630028,1
78077934,0
46245791,0
96438067,1
94654972,0
36444703,0
24140887,1
1567291,1
68277469,0
36619588,1
27502998,0
47160860,1
83851361,1
95750568,1
4228839,0
80021276,1
42549493,0
76598280,0
42021247,0
72430383,1
76932822,0
84184580,0
47035157,0
34504470,1
4913258,0
25126328,1
42824084,0
11631823,1
30938302,0
59839451,0
3931715,0
20963156,1
51166609,0
73691073,0
96353147,1
92430984,1
4095398,1
19511282,1
12390619,1
34518390,1
66588178,1
77128216,1
496551,1
66367958,0
2658384,0
59298345,0
8454711,1
91712876,0
68393649,0
12542015,0
28793526,1
92055019,0
55251709,1
34906347,1
11092914,1
84948604,0
14029441,1
67167838,0
1316496,1
39286513,0
8997105,0
62807869,1
999976,0
85593106,0
83902689,1
62220196,0
2916768,1
60931905,0
117556,0
24270279,1
18894090,1
35845743,0
7274248,0
98215373,1
5873100,0
17941785,0
27445778,1
55004652,1
46377895,0
79555354,0
87667031,0
2040479,1
2535068,1
22164725,0
88668155,0
21492846,1
80591981,1
48647125,0
20171368,0
37618982,1
29041434,1
78551097,0
64953765,0
86543582,1
85187502,0
82363585,0
46431440,0
17574120,0
48931494,0
4218020,1
60550296,0
50034854,0
5067196,0
12448845,0
50907611,1
7231587,0
56547663,0
13572234,0
22242402,0
40322205,0
13292327,1
91998647,0
71466187,0
4402209,1
22986190,1
89323856,1
95046694,0
84841544,0
20200583,0
11080771,0
23207606,1
87031529,1
53443876,1
93472541,1
70204320,1
3046869,0
58806196,0
84906776,1
50790469,1
94225315,0
96814440,0
64245212,0
58593900,0
62778413,0
55013765,0
4286902,1
64070636,1
67271773,0
80689446,1
63171651,1
33535313,0
38499941,0
53983155,1
97662652,0
65105434,0
12241429,1
33802958,1
77952668,1
38584018,1
21546709,1
89613115,0
70883403,1
85421813,0
25336182,0
44976221,1
87424789,0
33919847,1
99984336,1
440719,1
96998453,0
70651209,1
93470404,0
28657498,1
21910127,1
77326951,0
66985041,0
89625038,0
65895165,0
89061590,0
74504524,1
31183339,0
19714725,1
89470916,0
7925539,1
22060157,1
98069246,0
14918729,0
52617099,0
15854896,1
8556253,1
89409884,0
68310946,1
71577803,0
50157498,0
62870006,1
78187671,0
10727511,1
83418405,1
38720236,0
84055591,1
11455048,1
16089461,1
63878148,0
18912624,1
68461637,0
96991635,0
74617138,0
68376742,0
98225738,0
36892830,0
94601019,0
32328212,0
7579423,0
41765138,0
28300035,1
34708457,1
10722119,1
27883649,1
80884793,0
50392639,0
86660128,0
69742166,0
59875440,0
29208509,1
95459686,1
49714269,1
70356080,0
17831625,1
2779522,0
71547009,1
96203488,1
39942446,0
64701057,1
24942584,0
53748811,1
96016945,1
32351629,0
83739553,1
56454954,1
17589274,0
96225247,1
59406178,0
331590,1
23410682,1
65550669,0
93971006,1
38175551,0
32250029,1
80977744,1
85169712,0
81759045,1
78513961,1
89080700,0
96828410,0
30456579,0
6297061,1
24775071,0
79190098,1
48719830,0
87542010,0
32054308,0
88473880,0
55837388,1
94223809,0
38291598,0
50079853,0
70389410,0
97534328,1
84772069,0
58939019,0
50106986,0
84430668,0
75078586,0
47588079,1
39668351,0
77258785,0
66778394,1
45701606,1
2775006,0
97084564,0
12697220,0
12058501,1
4472275,0
8251515,0
60237497,1
76987147,0
90376934,1
17518271,0
83542934,0
52275965,0
42358186,0
87117060,1
51494513,0
83298429,0
98078016,0
11234608,0
82670667,0
40132925,0
43976962,0
93698913,0
44349687,1
4893642,1
25486274,1
1593734,0
46392653,1
94180042,0
9688107,0
4309953,0
91843603,1
14837954,0
38041857,1
87608341,1
30309015,1
34102387,1
11224986,1
14349913,0
62161840,1
98205722,1
62631394,0
68219654,0
56988646,0
82192368,0
37521219,0
53576233,0
73599818,0
99789834,0
17302287,1
1848866,0
95724637,0
69406041,0
41359098,1
55201931,1
49663929,0
79899668,0
40929420,0
16810200,0
32159782,0
2775618,0
80600060,1
11576588,1
21717419,1
26852291,1
90851084,1
43099100,1
37392838,0
13863600,1
48822343,0
70804727,1
35319172,1
84674282,1
12803072,0
74492329,1
784488,0
20977835,1
6693917,1
23014262,0
10179649,1
68306351,1
39472448,0
81925661,1
55878885,0
40503988,1
54246151,1
39408508,1
38634695,1
16049334,1
11175443,0
49182911,0
76316323,1
39819120,1
37353898,0
78914047,0
58935084,0
92193428,1
68553737,1
66197314,1
29861821,1
93389766,0
33226253,0
12325802,0
93315648,1
79375864,1
26698770,0
95490909,0
40935946,0
60123411,0
32696795,0
63389358,0
9054088,0
23821386,1
28904587,0
78802734,0
28839991,0
36389053,1
80575461,1
2305889,0
5450195,1
35499455,0
44735517,0
80174742,1
17774807,1
26585049,1
90732869,0
84077404,0
95705188,0
96458290,0
76960318,1
64926716,0
50598019,0
67866618,0
11946025,0
24875246,0
21567965,1
568609,1
72010505,1
43934664,1
38077192,1
97672162,0
45882698,1
8819230,0
89492130,1
46105863,1
43468734,1
61244703,0
17979664,0
40020227,1
43346854,1
86650713,1
95005455,0
75886803,1
90923818,0
36945615,0
62427467,0
84998727,0
39186764,0
75082331,1
14892960,1
45550463,0
59463808,1
52345169,1
83960862,0
75215258,0
33790132,0
17880785,1
20081482,0
55073384,0
27160518,0
26838412,0
76113396,1
98258022,0
96471458,0
96761685,1
24842934,0
35755821,1
13204747,0
70665012,1
93683614,0
25827034,1
58868771,0
79963943,0
5436835,0
80585790,1
36622596,0
18711616,1
73739372,0
18870871,0
11738678,1
46366568,1
49083272,1
88288737,0
12925117,1
22319696,0
88299026,1
7194458,1
70678764,0
60516576,0
89748062,1
34179937,1
19950741,1
53755004,1
8039989,0
11222990,0
85500243,1
87904457,1
41220999,1
53059491,1
68833534,1
84576470,0
96439369,0
87450579,0
24271809,0
68003889,0
38648002,0
29403638,1
97968421,1
30834367,0
78878144,1
91437038,1
63911920,1
84351524,0
55529265,1
20370696,0
3141788,0
89859827,0
54978125,0
44597234,1
51749542,1
54781719,0
53492952,0
44353987,0
39214736,0
78028657,0
69934694,1
14154056,1
87451106,1
48635897,0
90011720,0
14151691,1
72665325,0
77084405,1
58623149,0
6509235,0
64056554,0
66483256,1
83108759,1
32634493,0
36980858,0
88199460,1
14264900,0
43300058,0
96083218,0
16862454,1
14189626,1
67453486,0
3453773,1
20396219,1
7271267,1
69886005,1
82027598,0
3951925,0
76058479,0
16274002,1
21905258,0
24524890,0
38661959,0
69284063,0
59583275,0
84499692,0
23221160,0
64806636,0
78360368,1
26113070,1
1298146,1
48198100,0
73963911,0
67216029,0
13532732,1
67518654,0
53690172,1
37889298,1
12730223,1
68928446,0
21869965,1
99683064,0
44429375,1
49386123,1
26384480,1
68511053,0
60130204,1
5963521,1
92949824,0
75152402,1
36187587,1
45313401,0
46999340,1
9511061,0
58807405,1
53137982,0
55088715,0
6040453,1
6915116,0
95483363,1
74466136,1
8613826,0
70819605,0
96995832,0
97586387,1
9558317,0
61928703,1
28394536,0
61276826,0
1029705,0
29458021,1
18501812,1
23133617,1
12822386,1
46111401,0
25812171,0
35941928,1
14564793,1
59733395,1
34715212,0
53355085,1
52674999,1
33973846,0
96937355,1
5741996,0
71310841,0
18694042,0
7039985,1
83920506,0
97811444,0
19498296,1
23509423,1
20917387,0
78955924,0
6543228,0
13602205,0
47570953,0
55785327,0
90958995,0
92554046,1
72481928,1
66717911,0
12239681,1
51639842,0
95175801,1
38020128,0
10014090,0
94426973,1
8251225,0
86344405,0
5684340,0
82127108,1
89498932,1
43074437,0
76132762,0
88177630,1
83943760,1
8311063,1
30006817,0
44516482,0
4287022,1
22015177,1
95108573,1
49530061,0
48877373,0
85796585,1
79610861,0
31958617,0
74402957,0
46449412,0
19186106,1
46221647,0
66591843,0
56980102,0
76012702,1
86200774,0
87481444,0
17662250,0
38392545,1
84580615,0
18527429,1
36671455,1
50859777,1
90541594,0
27005693,1
56519127,1
36095830,1
85854450,0
5970979,0
43253444,1
80572800,0
8228823,1
86987521,1
555494,1
21678642,0
88337333,1
57823642,0
75182873,1
62330713,1
47089167,0
57866323,1
97330461,0
31317727,0
44780006,1
92309179,1
608230,0
40400496,0
29815159,1
9987500,0
98998782,0
91453110,1
62220757,0
78308523,1
75982866,0
94747849,0
45728264,1
68173839,1
67298834,1
12725274,0
45339969,1
6808459,1
67280871,0
96643604,0
32152707,1
5129634,1
23147675,0
529504,0
56917927,1
86629509,0
31279058,0
81479825,1
22564064,0
9055616,0
97513780,0
71555182,0
34360380,0
82881815,1
38134287,0
74683509,0
16509297,1
78728860,0
83199735,0
17327321,1
33636159,0
70003910,1
11353867,0
75669940,1
52220754,1
71493601,0
90958842,1
4539433,1
82757763,1
24862277,0
80573470,1
41870088,1
17285865,1
16984655,1
75504397,1
96325605,0
44995851,1
49154469,0
17392669,1
14739087,0
20762675,0
32358828,0
4911203,1
44391595,0
95861431,0
82720641,0
54871418,1
22490308,0
76683414,0
88300913,0
85490501,0
36018364,1
68428305,0
52942037,0
12281103,0
13695605,0
5427708,0
4356982,1
69366360,0
87953844,1
99900908,0
523568,1
86475916,1
53340705,1
96495568,0
5063900,1
93329704,0
